Actual Price,Predicted Price,Absolute Error
58800.0,89182.80279640372,30382.802796403717
165800.0,170000.0768372796,4200.076837279601
139400.0,194884.37669299208,55484.37669299208
107500.0,139219.82575196552,31719.825751965516
107200.0,70445.6954137834,36754.304586216604
353300.0,304256.5813714346,49043.418628565385
129400.0,108655.97637760783,20744.023622392167
113100.0,162770.97582047683,49670.97582047683
345300.0,345798.17445031134,498.1744503113441
234600.0,250020.4702479737,15420.470247973688
112200.0,169684.5786777718,57484.57867777179
135800.0,92606.49621326836,43193.50378673164
325000.0,257726.3796899431,67273.6203100569
77700.0,98488.57867424059,20788.57867424059
111800.0,144261.48974084432,32461.48974084432
135000.0,216635.57342534864,81635.57342534864
235100.0,268016.8720593008,32916.872059300775
148600.0,227778.33692070574,79178.33692070574
262500.0,132508.04509797913,129991.95490202087
148200.0,282155.0952885342,133955.09528853418
255100.0,296635.72255629697,41535.72255629697
323100.0,275982.43834599596,47117.561654004036
69000.0,99248.94342878817,30248.943428788174
115100.0,149705.22350991983,34605.22350991983
126200.0,89832.54541604711,36367.45458395289
88300.0,144292.77486116235,55992.774861162354
227100.0,211213.239528472,15886.760471527989
250000.0,272376.79180693615,22376.791806936148
91900.0,101976.06336465279,10076.063364652786
185500.0,191583.05267813214,6083.052678132139
118800.0,69076.75414510933,49723.24585489067
66100.0,113446.65063513594,47346.65063513594
162800.0,230898.64443765202,68098.64443765202
80900.0,40666.83965646263,40233.16034353737
315500.0,346033.49684441474,30533.496844414738
160200.0,278691.62384514266,118491.62384514266
500001.0,275742.4002356129,224258.59976438712
72900.0,94289.91637690959,21389.91637690959
261500.0,231581.86128439906,29918.138715600944
136400.0,102906.15395452845,33493.84604547155
101800.0,177618.0470533389,75818.0470533389
364800.0,246078.2604553075,118721.73954469251
264900.0,239424.30687713763,25475.693122862373
168900.0,246668.0418722163,77768.0418722163
307000.0,280588.0662036649,26411.933796335128
66800.0,34606.744013607415,32193.255986392585
263300.0,302824.567886956,39524.56788695598
364700.0,343092.14883206633,21607.851167933666
93400.0,84950.38708300253,8449.612916997474
186900.0,244346.159287058,57446.15928705799
214600.0,197127.8210436924,17472.178956307587
300000.0,199418.00008333914,100581.99991666086
135700.0,152625.8803273227,16925.880327322695
170200.0,194346.77618418582,24146.776184185816
160400.0,194309.91477242514,33909.91477242514
129900.0,231336.39922680828,101436.39922680828
189000.0,234965.7876262839,45965.78762628391
221900.0,71566.91194099767,150333.08805900233
154400.0,218085.11182826152,63685.11182826152
155700.0,165436.74432193965,9736.744321939652
450000.0,212625.36470294543,237374.63529705457
72500.0,133397.8786176093,60897.8786176093
63600.0,92762.52637830678,29162.52637830678
500001.0,672552.9132092618,172551.91320926184
208600.0,233425.29558191146,24825.295581911458
118800.0,205720.79507366463,86920.79507366463
141000.0,110508.44084747888,30491.55915252112
335400.0,215562.32851060914,119837.67148939086
104400.0,140740.89284151423,36340.89284151423
56700.0,81181.31231209684,24481.312312096838
168800.0,190560.45433223998,21760.454332239984
332400.0,264471.72101119946,67928.27898880054
220200.0,276812.8621619997,56612.862161999685
500001.0,509137.66263530625,9136.662635306246
313000.0,293739.00324897363,19260.996751026367
107600.0,206325.1455991466,98725.1455991466
161700.0,187382.84945922694,25682.84945922694
473400.0,368853.94927785103,104546.05072214897
39400.0,90200.91811506152,50800.91811506152
170000.0,199559.02150686845,29559.02150686845
240900.0,244512.63831541035,3612.6383154103532
194200.0,202158.477753057,7958.477753056999
84000.0,115141.15616895174,31141.15616895174
500001.0,422769.19715539727,77231.80284460273
121900.0,122902.58949812302,1002.5894981230231
236500.0,285678.55965243117,49178.55965243117
170200.0,101579.14883635084,68620.85116364916
166300.0,147524.69908178193,18775.30091821807
167000.0,259284.61081670155,92284.61081670155
90600.0,137487.4245427282,46887.4245427282
160300.0,201407.88196439098,41107.88196439098
220000.0,258211.79288691434,38211.792886914336
204300.0,213596.7140924671,9296.714092467097
335900.0,309122.5711028072,26777.428897192818
166700.0,245099.39144562097,78399.39144562097
203300.0,152723.88627152832,50576.11372847168
242500.0,219784.6820521072,22715.317947892792
175000.0,88487.7006977437,86512.2993022563
217200.0,262937.35153077316,45737.35153077316
275600.0,275160.5569623208,439.4430376791861
47500.0,169572.48518884127,122072.48518884127
240300.0,277174.00693785725,36874.00693785725
232600.0,275349.0451531175,42749.045153117506
348500.0,282639.0079621703,65860.99203782971
157600.0,165586.18915660412,7986.189156604116
401800.0,373919.0075615451,27880.99243845488
156500.0,228856.80000416026,72356.80000416026
99300.0,112651.49187278768,13351.49187278768
92500.0,201369.70205279015,108869.70205279015
51300.0,137254.79431099026,85954.79431099026
106600.0,174880.38246673183,68280.38246673183
215000.0,101938.33382403244,113061.66617596756
145000.0,147020.50839742267,2020.5083974226727
247200.0,198129.53255857213,49070.46744142787
268800.0,331893.6425627826,63093.642562782625
77100.0,108218.0154761655,31118.0154761655
159400.0,183387.82792142354,23987.827921423537
143200.0,172181.31128629963,28981.311286299635
179500.0,239227.3911982904,59727.391198290396
107900.0,194773.8474865538,86873.8474865538
95200.0,112696.19644346867,17496.196443468667
500001.0,340873.35334878776,159127.64665121224
165300.0,209553.29846477765,44253.29846477765
362200.0,314048.06952460203,48151.93047539797
431800.0,306031.75340492127,125768.24659507873
88800.0,79352.38399012804,9447.616009871956
206900.0,232702.4639248292,25802.463924829208
182600.0,257994.47008095257,75394.47008095257
185100.0,215503.10383437664,30403.10383437664
263600.0,220576.90143258352,43023.098567416484
171100.0,267684.5588070037,96584.55880700372
69700.0,112705.18204661923,43005.18204661923
115700.0,192400.78074989092,76700.78074989092
179100.0,245207.6337043234,66107.63370432341
400000.0,339985.8221156822,60014.17788431782
158500.0,251999.39651702635,93499.39651702635
134200.0,213875.0011382216,79675.00113822159
243500.0,253726.07306218817,10226.073062188167
165500.0,162950.29408931543,2549.70591068457
161700.0,199944.58354666826,38244.58354666826
128100.0,170287.351835255,42187.35183525499
152300.0,202128.6580302442,49828.6580302442
227400.0,280277.8042181704,52877.80421817041
105000.0,126072.77527748031,21072.77527748031
268300.0,286511.1165728038,18211.116572803818
285000.0,191292.07167228468,93707.92832771532
269600.0,282019.0210580759,12419.021058075887
492000.0,404353.74446256633,87646.25553743367
260100.0,324276.50954032264,64176.509540322644
146800.0,146557.8675133837,242.1324866162904
73000.0,95749.62355651129,22749.623556511287
60800.0,54628.043255375145,6171.956744624855
86900.0,257004.70987457648,170104.70987457648
413700.0,382899.15613999555,30800.843860004446
223600.0,240640.28829462544,17040.28829462544
254400.0,243637.08128600067,10762.91871399933
74000.0,129674.28134277392,55674.28134277392
125500.0,178862.95023135442,53362.95023135442
172400.0,198540.71977718544,26140.71977718544
387900.0,282711.6424949766,105188.35750502342
287500.0,235959.0467118193,51540.953288180695
139600.0,130894.66039612234,8705.339603877655
45000.0,23788.563813557645,21211.436186442355
263900.0,285262.06518648315,21362.065186483145
263500.0,175955.99351034986,87544.00648965014
312200.0,247286.01737377932,64913.98262622068
167400.0,188994.50378966352,21594.50378966352
117000.0,95282.0059160038,21717.994083996193
193600.0,173909.32674603138,19690.67325396862
206100.0,170485.9942613583,35614.00573864169
148800.0,170601.12168497633,21801.12168497633
270100.0,281166.3684566148,11066.368456614786
178100.0,219915.58729347325,41815.58729347325
228600.0,237403.86416007127,8803.864160071273
216900.0,258211.46733498736,41311.46733498736
93500.0,112057.59038327904,18557.590383279035
132000.0,150467.78047459354,18467.780474593543
170100.0,141225.39197402936,28874.608025970636
235000.0,186156.09445347294,48843.905546527065
358100.0,200163.5208494886,157936.4791505114
84400.0,140057.09812936178,55657.09812936178
266700.0,267409.1607094949,709.1607094948995
131300.0,681995.9382699116,550695.9382699116
88200.0,124813.35441111932,36613.35441111932
136000.0,159471.06095337085,23471.06095337085
59200.0,-3598.1274582598417,62798.12745825984
172100.0,182650.81625947592,10550.81625947592
61400.0,17644.78377577031,43755.21622422969
108300.0,120765.32715511454,12465.327155114544
178100.0,293292.72465455113,115192.72465455113
250000.0,305253.85770664504,55253.85770664504
169200.0,203474.95103546462,34274.95103546462
54900.0,130384.17423081094,75484.17423081094
277000.0,256877.82648595847,20122.173514041526
500001.0,327082.2539751184,172918.7460248816
231300.0,198241.9731865764,33058.02681342361
249000.0,307702.89417506795,58702.89417506795
221200.0,206252.08525750868,14947.914742491324
240800.0,250224.483621001,9424.48362100101
280400.0,298088.5983334917,17688.59833349171
175700.0,228370.96435358195,52670.96435358195
350000.0,254526.50628141873,95473.49371858127
163400.0,265104.1326687369,101704.13266873691
152000.0,84765.2021276738,67234.7978723262
100000.0,182948.82470469593,82948.82470469593
102600.0,127177.92094233817,24577.92094233817
168800.0,180427.47116564095,11627.471165640949
213800.0,162981.87316990126,50818.12683009874
138900.0,149619.895998333,10719.895998332999
443900.0,338294.5702555259,105605.42974447412
126500.0,202496.92209880316,75996.92209880316
78300.0,54907.38393054649,23392.616069453506
130700.0,214311.7500862332,83611.7500862332
231900.0,270000.631302762,38100.63130276202
364000.0,251983.41156753787,112016.58843246213
500001.0,413378.5088019685,86622.49119803152
90600.0,117424.1235509851,26824.123550985096
56200.0,91645.63617036336,35445.63617036336
162000.0,120322.37675436762,41677.62324563238
66400.0,46825.43054721071,19574.569452789292
100000.0,217633.59157906374,117633.59157906374
166700.0,236232.68401736586,69532.68401736586
224900.0,259945.33610423727,35045.33610423727
158600.0,186921.62078735058,28321.620787350577
112500.0,134136.54311787232,21636.543117872323
89700.0,128708.4198222649,39008.4198222649
156900.0,173570.07561495827,16670.075614958274
280600.0,230710.3306065455,49889.669393454504
132600.0,187215.45549301128,54615.45549301128
115600.0,111383.05975894978,4216.9402410502225
195200.0,226944.833633449,31744.833633448987
122500.0,181146.76611200138,58646.76611200138
121300.0,236120.5833102209,114820.58331022091
300300.0,283222.72614760615,17077.273852393846
273500.0,277405.89339734544,3905.8933973454405
85700.0,6545.328225142759,79154.67177485724
230900.0,280945.4602887584,50045.46028875839
139600.0,152378.1379396864,12778.137939686392
350700.0,380680.5360223779,29980.5360223779
158300.0,146767.28325721313,11532.71674278687
101100.0,151225.86832359817,50125.86832359817
500001.0,222807.9390429429,277193.0609570571
142500.0,182749.0094755545,40249.009475554514
234900.0,207340.2312263997,27559.768773600314
95600.0,87450.72741674709,8149.27258325291
179800.0,219712.86130600056,39912.86130600056
115000.0,232327.70049339355,117327.70049339355
141200.0,250485.39398892748,109285.39398892748
154200.0,228607.84495774558,74407.84495774558
246900.0,244212.93427733422,2687.0657226657786
237500.0,200787.8020153424,36712.1979846576
258500.0,315101.1806576146,56601.180657614605
101100.0,159547.76228285732,58447.76228285732
73600.0,142468.27050876612,68868.27050876612
220500.0,184143.38891950122,36356.611080498784
190300.0,225091.01604138277,34791.01604138277
372900.0,297578.9643416804,75321.0356583196
202700.0,214020.9089407311,11320.908940731111
238500.0,203907.68770508782,34592.312294912175
97000.0,156750.19800787256,59750.19800787256
333300.0,154296.50954778487,179003.49045221513
174800.0,232926.68441902316,58126.684419023164
500001.0,367781.7670991975,132219.2329008025
236200.0,249051.63496076968,12851.634960769676
166400.0,203187.50717869296,36787.50717869296
294300.0,321654.9016365056,27354.901636505616
150000.0,192696.43084222244,42696.43084222244
350000.0,276101.44611718267,73898.55388281733
250000.0,262153.60022142384,12153.60022142384
81300.0,202893.03081607525,121593.03081607525
272300.0,255479.91461703795,16820.085382962046
133200.0,137491.9668136711,4291.966813671112
353800.0,302018.9864125472,51781.01358745282
271100.0,189743.2236479917,81356.77635200831
500001.0,270844.67993778427,229156.32006221573
500001.0,387983.1734557543,112017.8265442457
223500.0,249565.9289931039,26065.92899310391
322600.0,215883.46450569478,106716.53549430522
250000.0,219588.26827461307,30411.731725386926
184800.0,260378.98655713946,75578.98655713946
226300.0,302924.9646739819,76624.96467398189
148600.0,108774.41626851883,39825.583731481165
225000.0,162700.8379214963,62299.162078503694
61600.0,96271.15436124445,34671.15436124445
120300.0,161953.43988688447,41653.43988688447
275000.0,123631.24055652684,151368.75944347316
255600.0,296201.850215776,40601.85021577601
122600.0,114733.23095820336,7866.769041796637
92900.0,167629.07434110722,74729.07434110722
60500.0,81385.48047657078,20885.48047657078
95800.0,111360.3188825345,15560.318882534499
166700.0,262119.9427132525,95419.9427132525
144500.0,238231.37770865127,93731.37770865127
175000.0,239874.6177198725,64874.617719872505
444000.0,371665.5147634598,72334.4852365402
135600.0,153876.6183567626,18276.6183567626
159400.0,150085.5511516737,9314.448848326312
128900.0,197501.54961243283,68601.54961243283
62500.0,39663.10024783967,22836.89975216033
276400.0,257583.57701438898,18816.422985611018
121100.0,135991.6432595849,14891.643259584904
55800.0,54941.69726031026,858.3027396897378
500001.0,358275.2309886988,141725.76901130122
143800.0,178078.1512870599,34278.15128705991
168800.0,129608.61842011804,39191.381579881956
133000.0,135607.82137297088,2607.8213729708805
272300.0,243640.97344401325,28659.026555986755
108100.0,149922.34017073375,41822.34017073375
500001.0,329469.1331822721,170531.86681772792
311100.0,265262.3909012786,45837.60909872141
70100.0,152137.9634811639,82037.9634811639
144900.0,213697.4187333064,68797.4187333064
276000.0,251282.5696844123,24717.4303155877
221000.0,251957.82435793628,30957.824357936275
234800.0,222249.42064944425,12550.579350555752
238600.0,240076.91807064766,1476.9180706476618
411300.0,282866.55468113,128433.44531887001
139200.0,126575.8367203535,12624.163279646498
500001.0,394796.86160373036,105204.13839626964
209100.0,275781.06076542125,66681.06076542125
275900.0,271495.2544116688,4404.745588331192
130800.0,109470.41672870266,21329.583271297335
119400.0,147119.05362389953,27719.053623899526
305000.0,140918.04230517562,164081.95769482438
93400.0,88202.2964425221,5197.7035574779
103400.0,135415.069663722,32015.06966372201
187200.0,110462.53799336175,76737.46200663825
59600.0,43398.80778498866,16201.192215011339
94700.0,42078.80974084983,52621.19025915017
250000.0,244741.1052737119,5258.894726288097
162700.0,201697.14384935112,38997.14384935112
101400.0,156324.15059058397,54924.15059058397
248200.0,167481.17167731473,80718.82832268527
296600.0,312126.63220589154,15526.63220589154
405100.0,221369.2530821769,183730.7469178231
174400.0,239285.85858719517,64885.858587195165
127700.0,140026.58065991738,12326.580659917381
143800.0,101150.53694333327,42649.46305666673
380300.0,268054.37985810946,112245.62014189054
500001.0,479144.27699885773,20856.723001142265
434700.0,256561.79139725358,178138.20860274642
277000.0,283824.69307154405,6824.693071544054
93300.0,129941.07766039911,36641.07766039911
132700.0,154545.59439881422,21845.594398814224
173300.0,199881.267030554,26581.26703055401
96200.0,117336.72722482742,21136.727224827424
147900.0,196394.1357613665,48494.13576136649
224400.0,233057.52248567285,8657.522485672846
160600.0,166037.81584636163,5437.815846361627
129700.0,113933.01798607442,15766.982013925575
142500.0,190637.36588880277,48137.36588880277
340300.0,338498.3587145506,1801.6412854493828
281300.0,398386.4009284094,117086.40092840942
305800.0,225433.3892660875,80366.6107339125
204700.0,181521.5122367645,23178.48776323549
352700.0,322556.79899068404,30143.201009315962
304700.0,344183.508778324,39483.508778324
315600.0,254825.97658032124,60774.023419678764
168900.0,146755.11459752673,22144.885402473272
185500.0,220875.7728997137,35375.77289971369
104200.0,154674.7261297336,50474.72612973361
414800.0,184107.15074462444,230692.84925537556
195300.0,282231.5072911478,86931.50729114778
233000.0,172648.32579888526,60351.67420111474
489600.0,204028.3544173976,285571.64558260236
52800.0,106075.1638214674,53275.1638214674
272500.0,247392.24382705195,25107.75617294805
422400.0,304965.93575604993,117434.06424395007
187300.0,218269.5306150426,30969.530615042604
424600.0,385901.1261487022,38698.87385129777
143800.0,34559.88464104681,109240.11535895319
118500.0,210595.7269729914,92095.7269729914
193800.0,196218.49733777405,2418.4973377740534
48900.0,79085.33684149182,30185.336841491822
53500.0,71243.56828284558,17743.568282845576
90200.0,154655.5494163206,64455.5494163206
162500.0,202888.96860661483,40388.96860661483
277400.0,172990.8353241388,104409.16467586119
267400.0,183093.1006449039,84306.8993550961
208800.0,169843.0839921672,38956.9160078328
83100.0,159960.6677579779,76860.6677579779
137900.0,162476.32961069964,24576.329610699642
103600.0,89268.23667667547,14331.763323324529
61200.0,90849.59753626895,29649.59753626895
476900.0,341176.0426968294,135723.95730317058
160000.0,194337.79167743772,34337.79167743772
134700.0,178363.19750296552,43663.197502965515
192200.0,230648.19761615363,38448.19761615363
111300.0,91012.36882691033,20287.63117308967
369100.0,363432.36431778804,5667.635682211956
67500.0,171179.04757325223,103679.04757325223
150000.0,155719.9170839308,5719.917083930806
236700.0,304967.5646551578,68267.5646551578
228000.0,273374.2029527758,45374.20295277581
58200.0,92293.28077037254,34093.28077037254
220900.0,239618.79120249892,18718.79120249892
157500.0,199943.67524529554,42443.67524529554
50700.0,59770.06421325577,9070.06421325577
226000.0,225278.3850369471,721.6149630529108
165500.0,243136.35605742945,77636.35605742945
163900.0,234575.6668938422,70675.6668938422
441700.0,293934.40597359603,147765.59402640397
82800.0,136980.75675274275,54180.756752742745
147700.0,170283.98380641197,22583.98380641197
203200.0,159215.30388759077,43984.696112409234
191000.0,263104.6205206526,72104.62052065262
232500.0,246448.5751773928,13948.575177392806
500001.0,675759.993371954,175758.99337195395
289100.0,305248.1128769617,16148.112876961706
207200.0,205419.55130498545,1780.448695014551
159100.0,223003.0208551474,63903.02085514739
157000.0,152666.42520947228,4333.574790527724
233500.0,180400.28929265012,53099.71070734988
258200.0,302492.13702141395,44292.137021413946
219900.0,227424.82192215932,7524.821922159317
226000.0,234161.08154236604,8161.081542366039
158700.0,185044.18576031103,26344.185760311026
228100.0,192625.51171754845,35474.48828245155
150000.0,124039.93399715089,25960.06600284911
131600.0,205833.01715225942,74233.01715225942
257100.0,255643.42944788135,1456.5705521186464
259400.0,265334.0928793283,5934.092879328295
500001.0,281323.60928789404,218677.39071210596
121900.0,94025.0177304428,27874.982269557193
48300.0,66028.81944746882,17728.81944746882
78200.0,136367.73002677073,58167.73002677073
320900.0,345237.4926060034,24337.49260600342
366100.0,241194.72632384338,124905.27367615662
500001.0,361715.00608294824,138285.99391705176
114800.0,157444.62129630032,42644.62129630032
87500.0,162755.64391439018,75255.64391439018
159600.0,136860.80744200735,22739.192557992646
197200.0,232236.52018359833,35036.52018359833
170300.0,211652.50117785824,41352.50117785824
202000.0,186546.73789036114,15453.262109638861
319700.0,302529.5204259829,17170.47957401711
220800.0,313477.62894857966,92677.62894857966
500001.0,306384.3669493058,193616.6330506942
288200.0,294409.29526812286,6209.2952681228635
253800.0,250881.94829842768,2918.0517015723162
139700.0,117141.08986743065,22558.91013256935
435900.0,307800.3682866074,128099.63171339262
259800.0,216454.27555278447,43345.72444721553
189800.0,267658.6487942224,77858.64879422239
468800.0,393483.96750506223,75316.03249493777
139500.0,148133.78277875803,8633.782778758032
350000.0,157529.95582776217,192470.04417223783
176400.0,235554.04119314498,59154.04119314498
171300.0,225351.47519114902,54051.47519114902
262100.0,272686.18590581603,10586.185905816033
117000.0,105284.21318494594,11715.78681505406
183000.0,103413.48881549753,79586.51118450247
75000.0,175217.53870934888,100217.53870934888
112500.0,65596.4185754025,46903.581424597505
190400.0,249504.42795752105,59104.42795752105
72400.0,96136.65992489057,23736.65992489057
500001.0,317603.1330536718,182397.8669463282
176700.0,145581.32882235083,31118.671177649172
458300.0,268115.6862447247,190184.31375527527
187500.0,166425.6358641073,21074.364135892713
224800.0,225610.08267655646,810.0826765564561
108200.0,124836.89738804319,16636.897388043188
187500.0,190667.7964631823,3167.7964631823124
484600.0,313614.98495222407,170985.01504777593
314100.0,268372.2447716737,45727.75522832631
139400.0,185422.1055073898,46022.10550738979
392100.0,152346.99766232187,239753.00233767813
177300.0,195274.6915915921,17974.691591592098
228500.0,189054.3276165071,39445.6723834929
472800.0,371258.3805827198,101541.61941728019
500001.0,402009.3959691907,97991.6040308093
350000.0,168626.01746491,181373.98253509
282300.0,324335.75587568333,42035.75587568333
434500.0,346716.581842332,87783.41815766803
119400.0,189161.88071559073,69761.88071559073
166300.0,232604.1604685294,66304.16046852939
69300.0,99520.73928808163,30220.739288081633
500001.0,370747.6162708738,129253.38372912619
327300.0,301906.22802269313,25393.771977306867
87900.0,128322.34945504826,40422.34945504826
123800.0,145598.1109879169,21798.11098791691
112500.0,219146.26966647906,106646.26966647906
242500.0,239568.5734864713,2931.4265135287133
127900.0,177618.79052485965,49718.79052485965
101100.0,109275.43525217134,8175.4352521713445
81500.0,47614.50599170543,33885.49400829457
360300.0,220698.70697910295,139601.29302089705
161400.0,161776.11559881654,376.115598816541
135700.0,189581.85575083306,53881.855750833056
317700.0,264929.5948510942,52770.40514890582
74300.0,157029.67222761433,82729.67222761433
99300.0,111290.34423392106,11990.34423392106
225200.0,230755.34181794678,5555.341817946784
132200.0,161841.4479676953,29641.447967695305
89400.0,161092.2871292653,71692.28712926531
172500.0,187282.04226615824,14782.042266158242
278100.0,332356.33899530827,54256.338995308266
188700.0,262998.0637714668,74298.06377146678
338100.0,244489.2035408722,93610.7964591278
366700.0,243166.9863248819,123533.0136751181
273200.0,271165.7039609366,2034.2960390634253
500001.0,534922.8628698392,34921.862869839184
118800.0,48354.743942048925,70445.25605795108
218300.0,291051.35847821843,72751.35847821843
186900.0,253727.1435387531,66827.1435387531
139700.0,111517.45715300225,28182.54284699775
276100.0,276422.8000740886,322.80007408862
110400.0,81402.78591373825,28997.214086261753
457100.0,279339.5468735554,177760.4531264446
350800.0,353531.04491124116,2731.044911241159
167700.0,91525.75241784261,76174.24758215739
68600.0,52388.622722546395,16211.377277453605
272400.0,267821.7119247238,4578.288075276185
75000.0,119978.18432554042,44978.184325540424
137500.0,161171.92140475663,23671.921404756635
187800.0,228043.85348084974,40243.853480849735
110300.0,41915.826026872994,68384.173973127
218300.0,263681.978614763,45381.97861476301
170800.0,203599.79618537854,32799.79618537854
118800.0,157872.14580792142,39072.14580792142
81600.0,38142.54728818507,43457.45271181493
103100.0,95949.23023297368,7150.769767026315
99600.0,130135.87964181288,30535.879641812877
368900.0,342274.5129882933,26625.48701170669
236800.0,212465.87455462237,24334.125445377635
211800.0,203488.08980976258,8311.910190237424
355300.0,278682.89674334414,76617.10325665586
63900.0,87374.92928510821,23474.929285108214
149500.0,219936.27325276256,70436.27325276256
364300.0,210742.55078776355,153557.44921223645
124600.0,139873.53714938037,15273.537149380369
284800.0,291174.045393305,6374.045393305016
128100.0,112455.7489977872,15644.251002212797
70200.0,82345.96664226867,12145.966642268671
199300.0,161621.86230898858,37678.13769101142
240300.0,225515.6441970805,14784.355802919512
165000.0,197945.54381441028,32945.54381441028
106400.0,150789.6719480052,44389.67194800521
239900.0,260168.06768440397,20268.06768440397
112500.0,98632.49033059613,13867.509669403866
170000.0,560.0918244843197,169439.90817551568
71800.0,53663.50292818641,18136.49707181359
115000.0,159583.5884029811,44583.58840298111
301600.0,138342.5969216703,163257.4030783297
270600.0,278304.6879972295,7704.687997229514
235100.0,240338.75267047668,5238.752670476679
40000.0,31826.07075801809,8173.92924198191
200000.0,241998.32699860184,41998.32699860184
500001.0,339754.66568689456,160246.33431310544
81300.0,46377.14329524935,34922.85670475065
52600.0,90347.16171015128,37747.16171015128
256300.0,223325.82112688504,32974.17887311496
120000.0,218238.01403296136,98238.01403296136
116700.0,105907.32762220404,10792.672377795956
500001.0,480546.8034275092,19454.196572490793
395200.0,311099.4779638871,84100.5220361129
200900.0,227878.3183258764,26978.318325876404
221100.0,189036.55776613858,32063.442233861424
67800.0,74752.234040768,6952.234040768002
169000.0,192491.8203110279,23491.8203110279
108300.0,131439.96136374463,23139.96136374463
210800.0,276045.72761581425,65245.72761581425
432200.0,389034.07426096045,43165.92573903955
114900.0,186523.34614857758,71623.34614857758
88400.0,108045.10731542112,19645.10731542112
155400.0,171248.1234573155,15848.123457315494
95600.0,154550.9644447201,58950.9644447201
500001.0,333227.89929060254,166773.10070939746
163200.0,220827.0202293675,57627.02022936751
175300.0,186080.62147214793,10780.621472147934
297200.0,312816.9151441517,15616.915144151717
253100.0,220192.22580126367,32907.774198736326
267800.0,228116.8190341542,39683.18096584579
327500.0,285164.883441895,42335.116558104986
269000.0,310317.4408694973,41317.44086949731
241700.0,152684.96562973142,89015.03437026858
500000.0,245406.3436324378,254593.6563675622
500001.0,303771.995201444,196229.00479855598
178900.0,280150.3546285882,101250.35462858819
298600.0,257282.8185175235,41317.1814824765
78800.0,91055.32574885817,12255.325748858173
270500.0,283787.063728662,13287.063728661975
343100.0,276219.5961139024,66880.4038860976
55000.0,205943.46966525874,150943.46966525874
217400.0,259536.08125770802,42136.08125770802
392200.0,406175.1363130444,13975.136313044408
466900.0,337558.38570636406,129341.61429363594
179900.0,198208.98418976562,18308.984189765615
214600.0,203628.86487342534,10971.135126574663
443800.0,320984.1748567888,122815.82514321117
251400.0,193841.39750439752,57558.60249560248
209400.0,234070.40732254993,24670.40732254993
278200.0,261151.15719316347,17048.842806836532
59200.0,107556.92206214402,48356.92206214402
379800.0,350291.11061209865,29508.88938790135
114100.0,157436.03309786005,43336.033097860054
97800.0,160333.04609450372,62533.04609450372
169800.0,245527.55672176345,75727.55672176345
67500.0,155639.3572093078,88139.35720930781
101900.0,153427.5827740637,51527.58277406369
500001.0,341185.844234764,158815.155765236
397500.0,311508.44658400957,85991.55341599043
156900.0,262415.26561162516,105515.26561162516
434500.0,411497.9251885456,23002.074811454397
174500.0,211504.66301149045,37004.663011490455
296100.0,302950.63724357577,6850.637243575766
147500.0,128626.44854030458,18873.551459695416
246000.0,277698.0307717917,31698.030771791702
302100.0,292456.3738724665,9643.626127533498
166700.0,148329.50928628474,18370.490713715262
132800.0,85387.95616553193,47412.04383446807
336900.0,262822.630781974,74077.369218026
116300.0,115336.05161053305,963.9483894669538
70500.0,66946.81383657374,3553.1861634262605
183600.0,216931.18638035815,33331.18638035815
327500.0,318186.7200554584,9313.279944541573
300000.0,264347.3248455393,35652.67515446071
361900.0,329957.61932243465,31942.38067756535
260800.0,268512.9613891868,7712.961389186792
54700.0,25503.663451957458,29196.336548042542
169200.0,197302.03443153517,28102.03443153517
239800.0,171728.72627017502,68071.27372982498
247600.0,257351.84914979048,9751.849149790476
175000.0,151310.50917692375,23689.490823076252
63400.0,78450.41551994537,15050.415519945367
227100.0,223002.14401325793,4097.85598674207
171100.0,241192.82380809335,70092.82380809335
91200.0,96321.044013431,5121.044013431005
236500.0,270874.6988681561,34374.69886815612
95000.0,137836.57318602526,42836.573186025256
115000.0,99299.51206653903,15700.487933460972
337500.0,290641.4050718408,46858.594928159204
152800.0,194734.88451029948,41934.88451029948
148000.0,102405.7717041042,45594.228295895795
49800.0,90161.70319016906,40361.703190169064
140300.0,156830.78016124098,16530.780161240982
183900.0,222586.45272992895,38686.45272992895
178000.0,171129.8917983978,6870.108201602212
236500.0,207747.94426425346,28752.055735746544
128200.0,75685.63004493818,52514.36995506182
112500.0,161074.59713723368,48574.59713723368
111200.0,124969.47351313978,13769.473513139776
165600.0,271676.4867468332,106076.4867468332
185000.0,213499.58954128067,28499.58954128067
180500.0,297274.8730574471,116774.87305744708
167800.0,223533.00998354185,55733.00998354185
263100.0,192441.2094434153,70658.79055658469
169200.0,267900.6118095169,98700.61180951691
50000.0,52457.2827881242,2457.2827881241974
115200.0,145580.92399508774,30380.923995087738
500001.0,292645.85313453036,207355.14686546964
166000.0,217327.97843309003,51327.97843309003
181000.0,212897.1490390938,31897.149039093812
293500.0,251731.58581346663,41768.414186533366
92600.0,151563.5706480477,58963.570648047695
279200.0,283284.5606662929,4084.560666292906
231800.0,207215.87354199812,24584.126458001876
223500.0,284711.56482719985,61211.56482719985
179200.0,225032.41248154495,45832.41248154495
65200.0,66366.44440280957,1166.444402809575
125200.0,152079.23694203811,26879.236942038115
251400.0,265720.50475966744,14320.504759667441
221200.0,268864.11454465665,47664.11454465665
108500.0,155339.10778046597,46839.10778046597
97400.0,116187.93211548433,18787.932115484335
347700.0,253721.11334183224,93978.88665816776
105100.0,176430.59319262256,71330.59319262256
230300.0,286893.3120467268,56593.312046726816
345400.0,285459.834096175,59940.16590382502
59200.0,81716.29091088435,22516.290910884345
265300.0,323106.8901019116,57806.89010191162
225000.0,257741.12287252903,32741.122872529028
274600.0,302806.13382839196,28206.13382839196
220000.0,197774.45211523975,22225.54788476025
358000.0,300674.16946341185,57325.83053658815
187500.0,149480.0364826043,38019.96351739569
181700.0,179713.68219567504,1986.3178043249645
53000.0,51338.13161522677,1661.8683847732318
108700.0,158508.07358667636,49808.07358667636
129700.0,134162.31437322777,4462.314373227768
85900.0,135040.42295669514,49140.42295669514
139000.0,123450.98974923087,15549.010250769134
216900.0,153613.0375579112,63286.962442088814
47500.0,68599.28033308912,21099.28033308912
196600.0,215563.86484942777,18963.864849427773
372200.0,292051.0458953791,80148.9541046209
242800.0,276944.1071732249,34144.10717322491
128800.0,156434.79921118554,27634.799211185542
100000.0,148824.7404735375,48824.7404735375
178600.0,221607.32630433983,43007.32630433983
127100.0,107903.08861218601,19196.91138781399
127900.0,155026.21571561124,27126.215715611237
255200.0,252855.01817626815,2344.981823731854
156700.0,131151.18911023397,25548.810889766028
265000.0,239156.95388801364,25843.04611198636
291700.0,259756.86717218265,31943.132827817346
279900.0,293309.2525442637,13409.252544263727
102000.0,125227.663239124,23227.663239124
214800.0,207859.67190697519,6940.328093024815
143800.0,161366.3728460275,17566.372846027487
112500.0,108832.79811776862,3667.201882231384
157700.0,252107.67681483805,94407.67681483805
202800.0,163121.59415797197,39678.405842028034
213800.0,256562.3447726863,42762.34477268631
148300.0,177039.56117389133,28739.56117389133
162500.0,177157.01911890839,14657.019118908385
110700.0,60414.64273061344,50285.35726938656
185400.0,173859.14539472593,11540.854605274071
156300.0,146109.9046137468,10190.095386253204
135300.0,164883.5295395195,29583.529539519513
267200.0,272273.02163578174,5073.021635781741
255000.0,283778.0767473827,28778.0767473827
223900.0,253694.12372320553,29794.12372320553
204600.0,234193.80039686465,29593.80039686465
59000.0,86585.66097424227,27585.660974242273
500001.0,254319.53375802637,245681.46624197363
450000.0,251378.3113366376,198621.6886633624
240400.0,295611.35673794954,55211.356737949536
162500.0,244643.93057784066,82143.93057784066
170300.0,140645.96411903136,29654.035880968644
341400.0,295229.52022685535,46170.479773144645
129200.0,185343.0326502993,56143.03265029931
500001.0,293350.3160917648,206650.68390823522
450000.0,172678.69773102103,277321.30226897897
237900.0,268699.64504945563,30799.645049455634
137500.0,53994.06706585889,83505.9329341411
128000.0,171398.3714169737,43398.37141697371
32500.0,136062.35005942144,103562.35005942144
84900.0,72258.10859731762,12641.891402682377
103100.0,203641.1763773347,100541.17637733469
78300.0,128757.75194851641,50457.75194851641
61800.0,82438.96854554936,20638.96854554936
178800.0,226624.16442850715,47824.16442850715
227700.0,211136.31186341116,16563.68813658884
229100.0,233738.66190262596,4638.661902625958
360100.0,334586.8946621752,25513.10533782479
129400.0,120255.21536440346,9144.784635596545
215800.0,277893.5524988235,62093.5524988235
79800.0,51320.61766987262,28479.38233012738
192700.0,238911.596899449,46211.59689944901
98300.0,128405.67544695734,30105.675446957335
125800.0,189687.48661548132,63887.48661548132
106300.0,128647.79737751184,22347.797377511844
123300.0,170643.90537833542,47343.90537833542
169400.0,184929.6203419249,15529.620341924892
190300.0,266116.03316573054,75816.03316573054
152900.0,157943.8442842418,5043.844284241786
68400.0,75831.92544618026,7431.925446180263
117700.0,100091.91324223591,17608.08675776409
103800.0,118060.1902805973,14260.190280597293
337500.0,273550.15495807026,63949.845041929744
130800.0,143076.73834048072,12276.738340480719
213100.0,228401.13159288178,15301.131592881778
65200.0,-2579.6848469785473,67779.68484697855
62000.0,64016.30374398964,2016.3037439896434
148100.0,231223.80791394872,83123.80791394872
201000.0,257078.06571265883,56078.065712658834
160900.0,135141.6598609091,25758.3401390909
166700.0,165764.10154756805,935.898452431953
124400.0,122629.18321420549,1770.8167857945082
127000.0,184933.312930956,57933.31293095599
339500.0,308863.4795534364,30636.520446563605
239400.0,299954.7102952702,60554.7102952702
356200.0,349507.0364417796,6692.963558220421
83700.0,130260.14529943348,46560.14529943348
116100.0,224370.02401999597,108270.02401999597
133900.0,180975.7997613321,47075.799761332106
367100.0,197453.22042590086,169646.77957409914
213400.0,254359.21335768915,40959.21335768915
123700.0,107553.33336276408,16146.666637235918
164600.0,200355.89782708313,35755.89782708313
143800.0,390961.5862053315,247161.5862053315
171400.0,164121.06955631395,7278.930443686055
160000.0,127677.80853316656,32322.191466833436
57500.0,36033.28493282743,21466.71506717257
500001.0,42735.0695440807,457265.9304559193
112500.0,154513.9361046409,42013.93610464089
500001.0,464418.7063240472,35582.293675952824
119600.0,71229.82336015973,48370.17663984027
195100.0,174718.38876565738,20381.61123434262
84200.0,174861.89085304146,90661.89085304146
130400.0,208125.05096483137,77725.05096483137
500001.0,364627.54237017676,135373.45762982324
260000.0,250639.94326852536,9360.056731474644
273000.0,198259.91751771918,74740.08248228082
220700.0,244978.1187737648,24278.118773764814
269500.0,250446.05992744278,19053.94007255722
147300.0,146898.3171720585,401.68282794149127
50600.0,88662.94574717084,38062.945747170845
137500.0,58351.15408173678,79148.84591826322
97800.0,157256.1410323488,59456.141032348794
350000.0,302940.3111571006,47059.6888428994
206700.0,208668.01313507094,1968.0131350709416
157600.0,241010.42469305062,83410.42469305062
137800.0,187439.36986930837,49639.36986930837
135200.0,149543.51583706873,14343.515837068728
297700.0,318780.7675577939,21080.76755779388
98700.0,74847.82542545642,23852.174574543576
185900.0,135784.48331536603,50115.51668463397
187500.0,96019.60521039423,91480.39478960577
339600.0,308890.4789222311,30709.521077768877
232000.0,266910.2717914246,34910.2717914246
135900.0,131435.84894878298,4464.151051217021
86400.0,114231.3114246893,27831.311424689295
158600.0,74261.38538306626,84338.61461693374
118300.0,161451.1305758286,43151.1305758286
235600.0,275460.61184497835,39860.61184497835
111500.0,118759.40977924012,7259.409779240115
225000.0,152168.17767969676,72831.82232030324
140300.0,145338.43906210046,5038.439062100457
136400.0,177787.19625987535,41387.196259875345
86100.0,97973.18859806171,11873.188598061708
69400.0,166504.44959955112,97104.44959955112
183200.0,230646.36556870566,47446.36556870566
218100.0,191561.65071744143,26538.34928255857
200000.0,139934.40135174495,60065.59864825505
218900.0,285031.94611037546,66131.94611037546
69100.0,-12622.131645936577,81722.13164593658
90400.0,118134.65895677991,27734.65895677991
204200.0,294963.7200818799,90763.72008187987
190500.0,248234.10787101294,57734.10787101294
152300.0,199828.44791111088,47528.44791111088
234900.0,194650.49886628383,40249.50113371617
187800.0,230841.24948719394,43041.24948719394
161500.0,180923.81631890972,19423.816318909725
67500.0,134583.15808023544,67083.15808023544
123200.0,181797.53090773392,58597.53090773392
166700.0,230731.2427723441,64031.24277234409
252600.0,298293.1504234367,45693.15042343672
247000.0,216230.1794913398,30769.820508660196
143400.0,173495.64571971726,30095.645719717257
60900.0,144796.78532387636,83896.78532387636
239200.0,256264.99235620105,17064.99235620105
336200.0,281644.20949433587,54555.79050566413
351800.0,294589.9573763176,57210.04262368241
279500.0,284523.46771856555,5023.4677185655455
103100.0,144961.131227083,41861.13122708301
98500.0,176023.69390085957,77523.69390085957
88500.0,154442.47574512495,65942.47574512495
61100.0,91252.0913101706,30152.091310170596
235800.0,275655.6341118276,39855.63411182759
500001.0,312581.9455567014,187419.0544432986
226900.0,259032.33054351486,32132.330543514865
115800.0,201571.5171824557,85771.51718245569
90000.0,124431.11961378269,34431.11961378269
308700.0,247722.65278842053,60977.34721157947
227100.0,262651.0909391174,35551.09093911742
247600.0,163719.31491911862,83880.68508088138
103400.0,48317.58243295635,55082.41756704365
419700.0,346611.57014710084,73088.42985289916
83200.0,93831.89781232658,10631.897812326584
324400.0,248413.37728402455,75986.62271597545
126400.0,123256.07823133224,3143.9217686677584
160400.0,204690.9911085904,44290.99110859039
163300.0,190233.55471780885,26933.554717808845
247200.0,180861.35650088364,66338.64349911636
199600.0,172718.52570384432,26881.474296155677
259300.0,270618.2806687082,11318.280668708205
275000.0,188817.4561558807,86182.5438441193
178000.0,212353.49915803512,34353.49915803512
91300.0,137831.21606534094,46531.21606534094
226200.0,181512.9006101013,44687.09938989871
229800.0,304575.7649256579,74775.76492565789
171200.0,218447.9229231911,47247.9229231911
250800.0,264841.0180296393,14041.018029639323
85800.0,61884.656283607095,23915.343716392905
433300.0,263657.4283436123,169642.5716563877
274300.0,274882.1522345694,582.1522345694248
500001.0,460454.66063265526,39546.33936734474
87500.0,37281.821771173156,50218.178228826844
57400.0,136846.3949086418,79446.39490864181
135600.0,167663.31488074502,32063.31488074502
104700.0,192480.45661054802,87780.45661054802
325500.0,307916.53114883276,17583.468851167243
437500.0,118700.86543974582,318799.13456025417
125000.0,138551.86545974284,13551.86545974284
52300.0,51752.292869757366,547.7071302426339
52500.0,49679.10785043807,2820.892149561929
145200.0,208679.49882978905,63479.49882978905
177500.0,205980.70238283146,28480.702382831456
93200.0,74791.93485398713,18408.065146012872
270000.0,139144.43863023017,130855.56136976983
500001.0,369535.36850189907,130465.63149810093
123200.0,164101.8579571988,40901.85795719881
500001.0,316345.3976316374,183655.6023683626
113400.0,112464.19766664882,935.802333351181
159600.0,189678.94867291354,30078.94867291354
165600.0,188382.25043957552,22782.250439575524
235200.0,233780.93766429118,1419.0623357088189
262500.0,297233.6907182649,34733.6907182649
67000.0,72381.36110148742,5381.361101487419
181900.0,221233.46979769142,39333.46979769142
69700.0,44301.027602895454,25398.972397104546
80100.0,67744.07128738175,12355.928712618246
397000.0,385002.6903065864,11997.309693413612
139700.0,124332.28501749224,15367.714982507765
71800.0,101530.81870262996,29730.818702629957
84600.0,83534.68362672992,1065.3163732700777
207000.0,264001.0924452184,57001.09244521841
145800.0,131109.79639047332,14690.203609526681
118100.0,144014.63731264113,25914.637312641134
174800.0,208114.13281144714,33314.13281144714
457400.0,321809.50365332654,135590.49634667346
500001.0,416573.96248209453,83427.03751790547
229800.0,234996.42986287276,5196.429862872756
142500.0,106800.42680315908,35699.57319684092
151900.0,259948.79328389314,108048.79328389314
500001.0,209731.41010129964,290269.58989870036
183800.0,256144.25265059527,72344.25265059527
245100.0,118434.1543134043,126665.8456865957
425800.0,372347.42585756746,53452.57414243254
84700.0,36075.03748918371,48624.96251081629
222900.0,261913.15859416948,39013.15859416948
179500.0,247977.63315835397,68477.63315835397
109300.0,152893.4100982136,43593.410098213586
70500.0,41844.515793186496,28655.484206813504
351900.0,372561.1985570127,20661.198557012714
131300.0,175603.5788192737,44303.57881927371
187500.0,209135.83674672822,21635.836746728222
209400.0,229592.13935610498,20192.139356104977
177500.0,213395.2384265623,35895.23842656231
461300.0,312880.23253646365,148419.76746353635
400000.0,237694.90452313618,162305.09547686382
57900.0,60122.391986786795,2222.3919867867953
94100.0,173390.28597498906,79290.28597498906
150800.0,210532.12883926425,59732.128839264245
170700.0,162216.72997317024,8483.270026829763
182500.0,192517.81989750624,10017.81989750624
129600.0,191143.0838038296,61543.08380382959
500001.0,355649.65618258796,144351.34381741204
186000.0,194128.24535705923,8128.245357059233
233300.0,216874.2016505941,16425.7983494059
343100.0,309055.8304558987,34044.169544101285
161800.0,283100.0219374415,121300.02193744149
182600.0,244697.0012480395,62097.00124803951
173900.0,240634.66964291138,66734.66964291138
98600.0,156820.8526780387,58220.852678038704
162300.0,257367.23197626512,95067.23197626512
394400.0,306603.52414133283,87796.47585866717
334800.0,262160.70940330485,72639.29059669515
42500.0,-19086.757382809068,61586.75738280907
135300.0,195473.40632126553,60173.40632126553
367400.0,274945.91422481544,92454.08577518456
202400.0,225776.3716225354,23376.3716225354
414700.0,339230.8166762927,75469.18332370732
336800.0,189795.00480355544,147004.99519644456
217000.0,170964.35953650673,46035.64046349327
238600.0,324890.01859228825,86290.01859228825
89500.0,88254.59787265635,1245.402127343652
416100.0,229975.15263276288,186124.84736723712
92200.0,145405.8706721337,53205.87067213369
144600.0,238400.53835598772,93800.53835598772
134800.0,237112.0752500656,102312.0752500656
351600.0,323025.6071940733,28574.392805926676
126800.0,136570.80420807403,9770.804208074027
137500.0,124751.52140155174,12748.478598448259
194300.0,142493.1648813358,51806.835118664196
67000.0,72174.60241998243,5174.6024199824315
184400.0,160836.67826004027,23563.321739959734
87500.0,173634.9060914752,86134.90609147519
229400.0,217444.3439985498,11955.656001450203
216700.0,267493.0491688056,50793.04916880559
248700.0,277235.61846076336,28535.618460763362
90600.0,93280.38598596657,2680.385985966568
131600.0,200319.60192248275,68719.60192248275
171200.0,245032.48889901084,73832.48889901084
155500.0,192711.9073243652,37211.907324365195
129200.0,142388.3750525142,13188.375052514195
196900.0,164018.98319927586,32881.016800724145
211900.0,191745.44604929377,20154.553950706235
200500.0,183046.540090473,17453.45990952701
118800.0,165333.1522004763,46533.152200476296
146900.0,229179.54637125053,82279.54637125053
183300.0,192738.67981462282,9438.679814622825
141700.0,189929.60947344505,48229.609473445045
130300.0,108378.13759240974,21921.862407590263
266600.0,263032.89975264354,3567.1002473564586
167800.0,199395.47886447716,31595.47886447716
245600.0,202869.03697962218,42730.96302037782
380800.0,345924.27323011484,34875.726769885165
77200.0,107242.56548312471,30042.56548312471
168800.0,163420.24760333763,5379.75239666237
107500.0,181320.22163962183,73820.22163962183
105200.0,127064.25890581036,21864.258905810362
342900.0,347535.91659362765,4635.916593627655
168300.0,227547.91112733024,59247.91112733024
119000.0,105929.0850771722,13070.914922827797
352700.0,284379.13122109405,68320.86877890595
152800.0,282553.2762757361,129753.2762757361
60000.0,70029.16258881133,10029.162588811334
404300.0,349506.89511044056,54793.10488955944
280400.0,294762.1531387012,14362.153138701222
155000.0,140728.52604192324,14271.473958076764
253500.0,255839.9559098434,2339.955909843411
134800.0,176027.744657133,41227.74465713301
159700.0,233779.01193988582,74079.01193988582
144000.0,187378.7881449025,43378.7881449025
350900.0,317270.1249884676,33629.87501153239
430100.0,293922.2922071122,136177.7077928878
279600.0,231588.74520833735,48011.25479166265
500001.0,554142.7848201687,54141.784820168745
67500.0,57217.12385431098,10282.87614568902
88900.0,200684.30545365665,111784.30545365665
500001.0,533978.878408835,33977.87840883504
142200.0,102901.28906975256,39298.71093024744
267800.0,262869.90732029907,4930.092679700931
190700.0,246835.46352068387,56135.46352068387
146600.0,188920.48498350524,42320.484983505245
133700.0,179900.13785763085,46200.13785763085
77600.0,91672.1134325655,14072.1134325655
115600.0,94365.25303333694,21234.746966663064
195700.0,276743.9626126796,81043.96261267958
113000.0,211064.4769242048,98064.47692420479
196900.0,228693.18502357384,31793.18502357384
56500.0,31532.068966162886,24967.931033837114
154100.0,172435.3399973808,18335.339997380797
243800.0,271920.7461151431,28120.74611514312
187500.0,162063.29740371133,25436.70259628867
247800.0,282657.2551605118,34857.25516051182
316200.0,232406.2414423629,83793.7585576371
243800.0,174645.43984693574,69154.56015306426
113300.0,101034.06043423346,12265.939565766545
309300.0,251829.87584289873,57470.124157101265
73600.0,134668.13108231523,61068.13108231523
143800.0,83935.29781789548,59864.70218210452
286900.0,373401.6950720794,86501.69507207943
500001.0,404626.64608677477,95374.35391322523
126900.0,162692.12892646575,35792.12892646575
190800.0,219941.6497262415,29141.649726241507
208900.0,156884.61965023488,52015.380349765124
173900.0,177352.7927473004,3452.7927473004092
296200.0,304909.7845585658,8709.784558565821
190000.0,259997.54011942196,69997.54011942196
90400.0,141675.91976104272,51275.91976104272
48500.0,96884.19621431672,48384.19621431672
265200.0,251958.5991094661,13241.4008905339
72200.0,153304.1719580867,81104.17195808669
500001.0,452252.0658388493,47748.93416115071
361900.0,287145.0379169148,74754.9620830852
500001.0,408772.8973618956,91228.1026381044
155600.0,143908.54418301678,11691.455816983216
235700.0,263187.5751648526,27487.575164852606
185600.0,252833.1325128726,67233.1325128726
178100.0,186830.2656058092,8730.265605809196
83000.0,46699.92592744899,36300.07407255101
49400.0,65180.97709130435,15780.977091304347
203700.0,241865.9206392785,38165.92063927851
233500.0,267580.07223169185,34080.072231691855
204500.0,228881.7056575631,24381.705657563114
115400.0,164079.28417988142,48679.28417988142
200400.0,228359.87677051467,27959.876770514675
247400.0,268562.68740787386,21162.687407873862
500001.0,412825.8248786406,87175.17512135941
238200.0,243401.50806956543,5201.508069565432
83300.0,159719.16877258848,76419.16877258848
285400.0,252712.77636493772,32687.223635062284
108400.0,189386.74496341185,80986.74496341185
207000.0,292556.91555972357,85556.91555972357
458300.0,231112.93850771067,227187.06149228933
155700.0,28716.723714998836,126983.27628500116
262500.0,199046.75859240282,63453.241407597176
51800.0,39824.585456020315,11975.414543979685
203400.0,136565.63937683654,66834.36062316346
500001.0,483266.54827344633,16734.45172655367
113400.0,86564.16109613696,26835.83890386304
66900.0,107111.16816400252,40211.16816400252
186600.0,252014.27115303738,65414.27115303738
222200.0,122629.3476988666,99570.6523011334
185600.0,245629.39628186045,60029.39628186045
500001.0,406992.91100865765,93008.08899134235
183800.0,223771.80432444328,39971.80432444328
136800.0,133010.93317691976,3789.0668230802403
250000.0,251276.29734519823,1276.2973451982252
159700.0,220315.83943188822,60615.83943188822
209200.0,229094.2814882276,19894.2814882276
249500.0,289110.9494697795,39610.9494697795
150000.0,80977.71921232775,69022.28078767225
66100.0,68666.40464985525,2566.404649855249
361700.0,199954.29011321682,161745.70988678318
160100.0,193262.64335864928,33162.64335864928
118400.0,182120.52881364903,63720.52881364903
89400.0,72607.50207693159,16792.49792306841
328900.0,267846.7206503951,61053.27934960491
234600.0,240925.31551676328,6325.315516763279
446400.0,270424.7382597524,175975.2617402476
333000.0,307299.6244150846,25700.375584915397
171200.0,182113.8334218,10913.833421799995
140500.0,206115.03593116457,65615.03593116457
129200.0,113477.04275356205,15722.957246437945
165500.0,195580.92269125578,30080.92269125578
137500.0,157869.8416782192,20369.841678219207
135500.0,241509.4596563551,106009.45965635509
184600.0,149727.319759086,34872.68024091399
144500.0,154413.18404617588,9913.184046175884
42700.0,63647.51568141804,20947.515681418037
151600.0,245285.31747249237,93685.31747249237
268100.0,251146.7259039259,16953.274096074107
229400.0,242125.82471597075,12725.824715970753
71200.0,91439.68179318101,20239.681793181007
150900.0,209310.15949717996,58410.159497179964
106500.0,114953.24627662807,8453.246276628066
492500.0,352027.3587795028,140472.6412204972
67500.0,125633.8533083071,58133.853308307094
238700.0,251967.30340455443,13267.303404554434
148400.0,178343.0078726926,29943.0078726926
229000.0,171708.47008535068,57291.52991464932
406200.0,462399.8499079173,56199.84990791732
322600.0,241512.20522522667,81087.79477477333
178000.0,256872.03461719546,78872.03461719546
500001.0,216017.70143879563,283983.29856120434
132500.0,142280.40179651882,9780.401796518825
122400.0,216405.6059922329,94005.60599223289
73000.0,107317.40019335622,34317.400193356225
203100.0,236578.50184608757,33478.50184608757
182900.0,136242.91289076803,46657.08710923197
54600.0,47857.30187442459,6742.698125575407
149900.0,222608.9022342892,72708.90223428921
263200.0,291531.34996348736,28331.34996348736
175000.0,223772.63710066606,48772.63710066606
163300.0,196022.38032572428,32722.380325724283
181300.0,154935.05604273174,26364.94395726826
381700.0,345047.1752164104,36652.824783589575
87000.0,106968.07553641574,19968.075536415738
500001.0,302391.63414997584,197609.36585002416
122300.0,160529.1295987089,38229.12959870891
350000.0,263903.645813637,86096.354186363
118900.0,168921.27027051148,50021.27027051148
129700.0,97012.66304769386,32687.33695230614
65200.0,90532.27577514647,25332.275775146467
282700.0,278486.45894599543,4213.5410540045705
224200.0,212335.49660562215,11864.503394377854
91900.0,93966.93347676175,2066.9334767617547
207900.0,244098.09579354164,36198.09579354164
159900.0,154717.05598567383,5182.9440143261745
142400.0,197634.04605354392,55234.04605354392
162500.0,166950.85726540774,4450.857265407743
262500.0,252096.0106999928,10403.989300007204
76700.0,152446.60685945622,75746.60685945622
450000.0,333861.46301462763,116138.53698537237
134400.0,138508.91282238584,4108.912822385842
97900.0,211320.736978579,113420.73697857899
243800.0,234730.6619562286,9069.338043771393
450400.0,385084.0710784097,65315.928921590326
146700.0,170985.10019429034,24285.10019429034
151200.0,158480.7034183329,7280.703418332909
124100.0,175212.007965787,51112.007965786994
288900.0,310157.11522633093,21257.115226330934
326600.0,359504.8860119649,32904.886011964874
123200.0,240641.5505727607,117441.5505727607
201100.0,193989.89397086206,7110.10602913794
403400.0,363581.3580406654,39818.64195933461
126400.0,157063.10917938038,30663.10917938038
138800.0,167126.4255939619,28326.425593961903
100000.0,134324.90599642927,34324.90599642927
215200.0,272298.94680412195,57098.94680412195
56100.0,36942.596427324606,19157.403572675394
188700.0,200149.26553759782,11449.265537597821
367100.0,301006.5499842561,66093.4500157439
500001.0,277552.7295599075,222448.27044009248
238000.0,292658.3772035052,54658.377203505195
58000.0,107493.65412505099,49493.65412505099
67000.0,153335.26799047913,86335.26799047913
243200.0,295678.08122048265,52478.08122048265
241900.0,251488.21234647886,9588.21234647886
175200.0,221364.72367406593,46164.72367406593
235300.0,198732.14787306337,36567.85212693663
164200.0,130317.9838343917,33882.01616560829
450000.0,259741.4567779018,190258.5432220982
191600.0,261646.9652646805,70046.9652646805
44400.0,-1486.674328711495,45886.674328711495
325400.0,262243.90716146043,63156.09283853957
342400.0,281587.22237948363,60812.77762051637
90300.0,156134.6235907256,65834.62359072559
225800.0,263890.91358703625,38090.91358703625
500001.0,675156.4590532477,175155.4590532477
46600.0,52615.36279689599,6015.362796895992
232500.0,237957.85545532178,5457.855455321784
103700.0,106491.70001515902,2791.700015159018
137500.0,139938.3966285897,2438.3966285896895
238900.0,267110.50896534364,28210.508965343644
388100.0,362721.13437604497,25378.865623955033
212600.0,276284.0761187005,63684.0761187005
463700.0,371403.24761745066,92296.75238254934
281900.0,230226.18605861295,51673.81394138705
177500.0,140907.30197010277,36592.698029897234
67500.0,199913.87692782638,132413.87692782638
226800.0,242705.85052462088,15905.85052462088
246300.0,209469.33085375358,36830.66914624642
289600.0,314350.3007770238,24750.300777023775
139200.0,235073.14929039142,95873.14929039142
227700.0,180408.49203283503,47291.50796716497
171300.0,130629.03790491533,40670.96209508467
371700.0,268590.2572679414,103109.74273205863
216100.0,169343.66432152718,46756.335678472824
304000.0,223252.7060316677,80747.29396833229
288400.0,236586.752645031,51813.247354969004
132600.0,211903.56872803965,79303.56872803965
70000.0,-16644.887024862837,86644.88702486284
81300.0,41524.54330950425,39775.45669049575
120000.0,162848.65069808438,42848.650698084384
145700.0,223041.55725440456,77341.55725440456
233100.0,295115.4628253387,62015.462825338705
65000.0,38002.8949826709,26997.1050173291
243800.0,205130.18234731583,38669.81765268417
161100.0,150396.55238616333,10703.447613836674
267000.0,263233.2554595957,3766.7445404042955
250800.0,320498.8247247613,69698.8247247613
113300.0,189707.69496391772,76407.69496391772
302200.0,275774.8385268016,26425.161473198386
426900.0,390518.06143052306,36381.938569476944
208100.0,249668.5572079296,41568.55720792961
69400.0,93677.4760761978,24277.476076197796
228300.0,284210.02625749685,55910.02625749685
251900.0,253128.39775281365,1228.3977528136456
222800.0,235748.3697482378,12948.369748237805
101200.0,86180.42842880305,15019.571571196953
85700.0,103704.9440674503,18004.9440674503
76600.0,98931.31068162025,22331.31068162025
322900.0,260589.18357607786,62310.81642392214
238300.0,239437.24741901504,1137.2474190150388
500001.0,486856.1830006958,13144.816999304225
155400.0,86259.64740452642,69140.35259547358
270500.0,287759.55398011184,17259.553980111843
164400.0,241712.37611114458,77312.37611114458
80000.0,93923.80377430236,13923.80377430236
218100.0,294678.796245746,76578.79624574602
184700.0,208165.71633443414,23465.71633443414
157600.0,161778.04371024418,4178.043710244179
152700.0,144970.58271862238,7729.417281377624
500001.0,444536.7372753781,55464.26272462192
255900.0,341039.4573499117,85139.45734991168
218400.0,178736.08445391178,39663.91554608822
500001.0,373382.2990887993,126618.70091120072
140500.0,204615.40091407974,64115.40091407974
197900.0,185643.0209659101,12256.97903408989
237300.0,269248.7583755152,31948.75837551517
190500.0,184886.86534207774,5613.134657922259
158000.0,144527.01212050166,13472.987879498338
142800.0,176575.26126337773,33775.26126337773
144400.0,133203.41436815663,11196.585631843365
355100.0,288503.5212833764,66596.47871662362
89700.0,88841.77075948575,858.2292405142507
190600.0,152344.57841290964,38255.42158709036
440900.0,328061.26366608095,112838.73633391905
162700.0,209680.16305990986,46980.16305990986
119800.0,119003.72942743111,796.2705725688866
109200.0,177903.87712604937,68703.87712604937
133000.0,121131.52348154192,11868.476518458076
209500.0,289489.17892145424,79989.17892145424
151600.0,221847.59915848056,70247.59915848056
162500.0,265802.3743811541,103302.37438115408
55400.0,45180.858129662956,10219.141870337044
162500.0,145398.131709699,17101.868290301005
273800.0,310822.2383624534,37022.23836245341
138100.0,71866.85121986372,66233.14878013628
147500.0,118758.59148201092,28741.408517989083
81900.0,89314.3310869664,7414.331086966398
156600.0,226532.74701451356,69932.74701451356
212500.0,189994.01843303483,22505.981566965173
124600.0,147260.02293115965,22660.02293115965
285600.0,299059.5425379334,13459.54253793339
233000.0,263750.49321208615,30750.49321208615
194200.0,262240.7501051775,68040.75010517752
83800.0,66039.25680839946,17760.743191600544
274700.0,274053.03325661726,646.9667433827417
232800.0,202926.85966319233,29873.14033680767
267400.0,357151.31017009483,89751.31017009483
54300.0,138117.06182591908,83817.06182591908
136300.0,228225.27658238518,91925.27658238518
145900.0,184994.8316293588,39094.831629358814
87200.0,159995.1914170194,72795.1914170194
65500.0,21303.408806081075,44196.591193918925
213700.0,206283.2513763437,7416.748623656313
142600.0,186936.45544971846,44336.45544971846
114200.0,192258.60842559615,78058.60842559615
430000.0,308919.334033751,121080.66596624901
70700.0,95122.2085026434,24422.208502643407
141600.0,73336.49965019044,68263.50034980956
123400.0,142611.24890595733,19211.248905957327
189700.0,228805.43867259455,39105.43867259455
500001.0,520025.4302009859,20024.430200985924
354200.0,273004.41531609365,81195.58468390635
202300.0,294041.1419107931,91741.14191079309
279100.0,246427.40302623497,32672.59697376503
366700.0,356010.4300636314,10689.569936368614
208800.0,222155.9207694757,13355.920769475691
264300.0,242378.80866799227,21921.19133200773
217800.0,252932.52300229657,35132.52300229657
87100.0,142937.05985051044,55837.05985051044
116800.0,156451.3358857668,39651.335885766806
146300.0,158047.17404524275,11747.174045242748
105100.0,104970.82060927316,129.17939072684385
84400.0,197162.8789889933,112762.8789889933
261300.0,144097.58433170826,117202.41566829174
276300.0,201183.8710361355,75116.1289638645
363800.0,276264.7969337998,87535.20306620019
180200.0,108022.97743982101,72177.02256017899
197500.0,149661.3620189634,47838.63798103659
76300.0,92906.79726596795,16606.79726596795
391900.0,281952.6116556572,109947.38834434282
46500.0,40264.239912242774,6235.760087757226
183900.0,150739.84793044798,33160.152069552016
151400.0,192696.3205680379,41296.32056803789
43500.0,21092.980648969504,22407.019351030496
202100.0,216814.01884348987,14714.018843489874
186600.0,189121.46744055094,2521.467440550943
154700.0,161367.67922906394,6667.679229063942
143200.0,158982.30631572002,15782.306315720023
332700.0,339969.36980093934,7269.369800939341
158400.0,191488.43066054376,33088.43066054376
197900.0,218656.20294771605,20756.202947716054
254900.0,283164.1526950636,28264.152695063618
414700.0,392739.37299750483,21960.627002495166
137500.0,67968.36605951074,69531.63394048926
76700.0,108186.21345733498,31486.213457334976
500001.0,474441.28799849335,25559.712001506647
116900.0,188622.09120254475,71722.09120254475
174300.0,167188.84593599528,7111.154064004717
133500.0,182694.506072482,49194.50607248201
500001.0,644008.3357406685,144007.33574066847
144200.0,139902.33888812957,4297.661111870431
162500.0,164601.64871985672,2101.6487198567193
98300.0,144112.0404045171,45812.04040451709
500001.0,638364.3359995447,138363.3359995447
337000.0,283245.21282000723,53754.78717999277
245500.0,228027.02095456663,17472.97904543337
117800.0,179917.9774486017,62117.97744860171
232600.0,264145.27216338296,31545.272163382964
352100.0,306105.4138094793,45994.58619052073
120200.0,120479.81370649127,279.8137064912735
187500.0,214601.7597791575,27101.759779157495
475000.0,227348.24045574514,247651.75954425486
150000.0,280956.27179312904,130956.27179312904
325900.0,274278.1114014543,51621.88859854569
118700.0,175600.5216509614,56900.5216509614
217300.0,256973.49319525837,39673.49319525837
14999.0,28865.652463894075,13866.652463894075
487500.0,239621.85686140863,247878.14313859137
158500.0,246326.18698493158,87826.18698493158
185100.0,275863.90166613297,90763.90166613297
122200.0,86582.2759748705,35617.7240251295
138800.0,114535.49455249628,24264.505447503718
100000.0,123121.30210971001,23121.302109710014
335500.0,339122.44259063236,3622.4425906323595
62100.0,72826.33737534928,10726.337375349278
279700.0,246032.54295741668,33667.45704258332
102500.0,127726.21948988335,25226.219489883355
264200.0,307064.85019694496,42864.85019694496
325000.0,245100.51690880008,79899.48309119992
308100.0,284867.4280841783,23232.571915821696
242200.0,150969.53998783755,91230.46001216245
307900.0,302094.2820128966,5805.717987103388
201800.0,201651.2260454389,148.77395456109662
230800.0,310035.91235655244,79235.91235655244
133300.0,195138.96907167774,61838.96907167774
61800.0,7379.962186374934,54420.037813625066
118400.0,112886.69977337583,5513.300226624167
267100.0,255922.39833573208,11177.601664267917
92600.0,68146.823167152,24453.176832847996
169400.0,191932.82100046292,22532.82100046292
201700.0,252672.78284656577,50972.782846565766
154200.0,114863.66500693974,39336.334993060256
117000.0,143006.98339904638,26006.98339904638
233700.0,276815.0053310486,43115.005331048626
130000.0,128891.17235121744,1108.8276487825642
177500.0,181643.1788925232,4143.178892523196
92400.0,105089.83238610312,12689.832386103124
500001.0,671182.06661687,171181.06661687
304000.0,261441.69350716408,42558.30649283592
152300.0,92564.84935390195,59735.150646098045
98900.0,185667.76052125348,86767.76052125348
215400.0,254212.98695395503,38812.98695395503
295300.0,271052.7060459272,24247.29395407281
105100.0,89163.27724557211,15936.722754427887
179700.0,248351.3406972382,68651.34069723819
70700.0,120468.00621665268,49768.00621665268
301100.0,307670.8881549834,6570.888154983404
127400.0,157378.5707078278,29978.570707827806
340900.0,301536.3342480302,39363.66575196979
267700.0,338759.0958850547,71059.09588505467
122900.0,131190.50347943607,8290.503479436069
150600.0,132107.55232592009,18492.447674079915
320700.0,346200.73375644936,25500.733756449365
74800.0,68816.26668683812,5983.73331316188
177200.0,201435.95819093357,24235.95819093357
414300.0,335913.32058172283,78386.67941827717
71000.0,55753.2035859359,15246.796414064098
187500.0,154651.93053874443,32848.06946125557
200000.0,235929.52602207966,35929.52602207966
372000.0,259468.0984992725,112531.90150072749
393000.0,341694.44971508044,51305.55028491956
500000.0,228571.74250892724,271428.25749107276
66900.0,119635.21081698535,52735.210816985345
68300.0,131579.56738956345,63279.56738956345
118800.0,125633.87631725841,6833.876317258415
219000.0,213590.86318083748,5409.136819162522
128800.0,132872.66372313496,4072.6637231349596
270900.0,313756.0082380564,42856.00823805638
399700.0,427142.55051556043,27442.550515560433
85300.0,118226.27039214318,32926.27039214318
71300.0,165886.52063850386,94586.52063850386
82300.0,76611.08776112065,5688.912238879348
230000.0,268594.6289060067,38594.62890600669
105600.0,109437.39814254256,3837.398142542559
252800.0,206658.70613331534,46141.29386668466
250000.0,176519.98341181202,73480.01658818798
233800.0,217063.7983189928,16736.201681007195
132700.0,85686.5765381761,47013.4234618239
171800.0,91626.12534961154,80173.87465038846
273700.0,306733.48601462867,33033.48601462867
151300.0,186918.8624699156,35618.86246991559
314800.0,269357.2837241579,45442.716275842104
187800.0,248231.8594536454,60431.85945364539
497400.0,265209.7426521432,232190.25734785682
496400.0,341758.3447019637,154641.6552980363
61500.0,73751.76430853122,12251.764308531216
173800.0,238305.9961391029,64505.99613910291
202700.0,221731.22301831696,19031.22301831696
224700.0,197080.30702614354,27619.692973856465
156300.0,185382.5322035082,29082.53220350819
500001.0,284033.9353292772,215967.06467072282
140300.0,214101.19044996673,73801.19044996673
361400.0,331464.2669056635,29935.733094336523
384700.0,237203.40563105745,147496.59436894255
162900.0,284356.12625381397,121456.12625381397
321300.0,245549.2884976664,75750.71150233361
166900.0,241134.51163271404,74234.51163271404
90600.0,120113.62845884264,29513.628458842635
114800.0,95879.25022283047,18920.749777169534
200000.0,158525.60667025216,41474.393329747836
162100.0,238718.8297829944,76618.8297829944
63200.0,46013.42347021942,17186.576529780577
134600.0,184467.34849685786,49867.348496857856
162500.0,115274.23842758572,47225.76157241428
172900.0,204568.44013314304,31668.44013314304
230600.0,173907.91555561405,56692.08444438595
386400.0,281817.5918259373,104582.40817406267
77800.0,85510.57010476665,7710.570104766652
105400.0,67979.6849090775,37420.31509092249
55000.0,66560.67208980446,11560.672089804459
500001.0,425914.98106722534,74086.01893277466
249500.0,261462.80866377594,11962.80866377594
500001.0,330500.09346491797,169500.90653508203
164500.0,183607.41593728322,19107.415937283222
93300.0,127119.27253386531,33819.27253386531
384500.0,357552.8374081676,26947.1625918324
129700.0,142331.1420316371,12631.142031637108
382100.0,310441.52184031083,71658.47815968917
241000.0,253405.67383535448,12405.673835354479
484600.0,338973.5924836699,145626.40751633007
252100.0,264499.72901521175,12399.72901521175
122500.0,126526.02918869063,4026.0291886906343
112500.0,485852.58276242245,373352.58276242245
83200.0,126521.9830186496,43321.9830186496
240200.0,210570.99783960392,29629.002160396078
59200.0,89204.2112758539,30004.2112758539
244000.0,123855.6487120815,120144.3512879185
75700.0,108545.25358006169,32845.25358006169
178100.0,200009.28353797967,21909.283537979674
102900.0,136993.53577446903,34093.53577446903
114100.0,138446.54024953564,24346.54024953564
163100.0,141615.67430047313,21484.325699526875
239300.0,163405.30743875954,75894.69256124046
303800.0,225660.20873413328,78139.79126586672
152900.0,110232.14408189722,42667.85591810278
126900.0,246910.39494768527,120010.39494768527
192200.0,176081.6726550557,16118.327344944293
349300.0,250620.35551288308,98679.64448711692
474300.0,241732.2714537749,232567.7285462251
161500.0,244081.02839939238,82581.02839939238
120000.0,162934.59684697943,42934.59684697943
291500.0,218002.92756586746,73497.07243413254
183500.0,212481.52719288075,28981.52719288075
175800.0,215140.99039272382,39340.99039272382
264300.0,306982.4528805671,42682.452880567114
191700.0,158734.5657148576,32965.4342851424
210700.0,213445.61718685387,2745.617186853866
441000.0,386802.8059612287,54197.194038771326
386000.0,332513.2303287565,53486.7696712435
127900.0,242696.5176007406,114796.5176007406
32900.0,-24862.93545063102,57762.93545063102
217300.0,238479.68131991726,21179.68131991726
500001.0,428058.26358851104,71942.73641148896
133600.0,161391.7423459213,27791.742345921288
116300.0,118192.21947366903,1892.219473669029
204700.0,239337.65486511914,34637.65486511914
268800.0,278363.4359636275,9563.435963627475
293800.0,193404.33079294287,100395.66920705713
500001.0,262127.62698227537,237873.37301772463
71400.0,127081.68511572664,55681.685115726636
153400.0,153132.44917681342,267.5508231865824
361500.0,334853.5843339595,26646.4156660405
65400.0,73753.26922471306,8353.269224713062
208100.0,165780.64423176358,42319.35576823642
250000.0,187629.7595949369,62370.24040506309
46700.0,18789.15360805078,27910.84639194922
112500.0,147033.0930362203,34533.09303622029
108000.0,176974.14877317913,68974.14877317913
162500.0,12741.669261606265,149758.33073839374
350000.0,277406.0364365594,72593.9635634406
85700.0,81732.79491400551,3967.2050859944866
150000.0,181961.5893224932,31961.589322493208
184100.0,211799.6480433799,27699.648043379886
320500.0,273306.6624314661,47193.3375685339
164500.0,194020.30921315885,29520.30921315885
258300.0,240472.26415954198,17827.735840458015
131300.0,189936.24626847592,58636.24626847592
176000.0,188081.02605109743,12081.026051097433
284700.0,286848.3150702819,2148.315070281911
254900.0,310929.1641386403,56029.16413864028
255800.0,288364.0869617135,32564.086961713503
500001.0,672518.0149521335,172517.01495213353
152900.0,174551.4385997699,21651.4385997699
71900.0,37194.37596177179,34705.62403822821
500001.0,379943.38274591276,120057.61725408724
161300.0,210097.24788545832,48797.24788545832
82000.0,171110.77073940224,89110.77073940224
108300.0,133840.62989941408,25540.62989941408
184200.0,216749.99800935804,32549.998009358038
500001.0,667877.810450875,167876.81045087497
450000.0,132181.25419159172,317818.74580840825
97300.0,127001.183023,29701.183023000005
166100.0,185999.44877376728,19899.448773767275
153800.0,103464.42043906347,50335.57956093653
162500.0,223441.06336670255,60941.063366702554
81400.0,89152.47372788176,7752.473727881763
148300.0,144121.93020492146,4178.06979507854
184900.0,222210.95263977358,37310.952639773575
130900.0,85185.12185109495,45714.878148905045
87500.0,94696.55229619038,7196.552296190377
209900.0,271150.3417729635,61250.341772963526
457200.0,369577.99939419376,87622.00060580624
213100.0,244033.6432979029,30933.64329790289
175000.0,255510.32383498354,80510.32383498354
174800.0,243772.9886282648,68972.98862826481
309500.0,270556.65149412863,38943.34850587137
81600.0,121430.88611057396,39830.88611057396
271600.0,217744.7585521365,53855.24144786349
79800.0,101231.65825995879,21431.658259958785
113600.0,210775.96030560203,97175.96030560203
104900.0,144678.90152867427,39778.901528674265
130100.0,248250.4390770761,118150.4390770761
159400.0,210468.86859449552,51068.86859449552
218100.0,223542.12591740396,5442.125917403959
155400.0,193651.26639398737,38251.266393987375
195200.0,264725.01538965415,69525.01538965415
109700.0,218858.2500469155,109158.25004691549
362500.0,224029.56555137914,138470.43444862086
286700.0,270685.80941174825,16014.190588251746
210400.0,215202.80403687267,4802.804036872665
403000.0,351859.14932638407,51140.85067361593
81300.0,23547.69860436258,57752.30139563742
74800.0,205919.36585968581,131119.36585968581
118300.0,146498.77156445684,28198.771564456838
207200.0,227162.38336211257,19962.383362112567
196400.0,251454.19931078888,55054.199310788885
137500.0,108765.48398280435,28734.516017195652
92500.0,140392.54568159094,47892.54568159094
270300.0,285578.32857135363,15278.328571353632
140700.0,186197.58382152708,45497.58382152708
137200.0,168698.72037091557,31498.720370915573
286600.0,282321.04582241154,4278.954177588457
124500.0,155919.84640212334,31419.846402123338
153300.0,171383.0667024092,18083.06670240921
500001.0,349371.4915668599,150629.50843314012
284900.0,307351.0041705186,22451.0041705186
112200.0,192940.27362689548,80740.27362689548
100000.0,104002.56744150352,4002.5674415035173
110700.0,139998.58850219846,29298.588502198458
425900.0,287403.643085376,138496.356914624
142200.0,169087.87831094646,26887.878310946457
176100.0,231007.17075593077,54907.17075593077
500001.0,296404.6943720453,203596.30562795472
218800.0,235287.71314075557,16487.71314075557
89200.0,98742.39193808203,9542.39193808203
186000.0,226558.6625385296,40558.66253852961
260300.0,209085.06784033542,51214.932159664575
160600.0,143622.84322871163,16977.15677128837
152200.0,99553.07147920666,52646.92852079334
248100.0,155660.37637681363,92439.62362318637
92400.0,121123.76600620327,28723.766006203266
379600.0,386976.33059146325,7376.330591463251
500001.0,441210.55064547923,58790.449354520766
74000.0,157760.77345197677,83760.77345197677
331400.0,377833.0148466757,46433.01484667568
79800.0,130430.72643357806,50630.726433578064
217900.0,239235.63037824235,21335.63037824235
213400.0,224792.6214109955,11392.621410995489
193400.0,136071.11830928503,57328.881690714974
226500.0,193426.0930094753,33073.9069905247
144600.0,200440.61560087677,55840.61560087677
200000.0,242162.5834533905,42162.583453390514
277800.0,261759.03484338307,16040.965156616934
114200.0,103081.00234441613,11118.997655583866
258300.0,298159.8292396283,39859.82923962828
281300.0,281914.0228460677,614.0228460676735
363600.0,341564.8893049326,22035.110695067386
231600.0,291895.00692465936,60295.00692465936
210600.0,253825.71446999753,43225.71446999753
292900.0,272458.765244132,20441.234755867976
70000.0,168240.43872839102,98240.43872839102
270600.0,232963.65319777315,37636.34680222685
412500.0,206356.75710495902,206143.24289504098
277500.0,286599.09199224913,9099.09199224913
144800.0,207696.92131324727,62896.921313247265
426000.0,489120.2590809605,63120.25908096047
187500.0,118070.12578801891,69429.87421198109
256300.0,319808.41426492913,63508.41426492913
65300.0,78746.7545453199,13446.754545319898
137500.0,72665.83677805678,64834.16322194322
81500.0,37543.59461816496,43956.40538183504
128600.0,97747.37347954017,30852.62652045983
410300.0,435997.15681959694,25697.156819596945
214500.0,221688.87426287576,7188.874262875761
232100.0,244974.29292337922,12874.292923379224
190000.0,161055.33648832777,28944.663511672232
60300.0,65670.67992599393,5370.679925993929
82700.0,128366.75581194717,45666.755811947165
138100.0,150926.5203210428,12826.5203210428
194100.0,272582.19501024066,78482.19501024066
249400.0,287174.41792983026,37774.41792983026
500001.0,427328.1482109303,72672.85178906971
98900.0,126782.60357445701,27882.60357445701
222800.0,193797.12823922923,29002.871760770766
399000.0,345127.1966894058,53872.80331059417
173200.0,208735.9152529659,35535.915252965904
383900.0,331101.93432555895,52798.06567444105
215400.0,226907.737474996,11507.737474996014
95100.0,72577.35827284597,22522.641727154027
315500.0,208320.50272185792,107179.49727814208
392900.0,243027.48628425645,149872.51371574355
500001.0,289553.3044429871,210447.69555701292
68200.0,97661.65232074009,29461.65232074009
317900.0,284090.24356586667,33809.756434133335
431400.0,307861.2580196505,123538.74198034953
40000.0,-19808.175623872143,59808.17562387214
366100.0,276181.52173108584,89918.47826891416
311200.0,234316.95192773896,76883.04807226104
71300.0,61446.119455307926,9853.880544692074
206800.0,284278.96410000185,77478.96410000185
316300.0,301280.7316191368,15019.268380863185
162500.0,141557.82191233095,20942.178087669046
115000.0,181411.58061649097,66411.58061649097
299300.0,304667.811030267,5367.811030266981
237400.0,219744.51821666467,17655.48178333533
85700.0,110822.14884219793,25122.14884219793
66000.0,73570.19019453606,7570.190194536059
367300.0,380515.5715063666,13215.5715063666
217500.0,148098.3391651257,69401.66083487429
108000.0,111928.84676654289,3928.8467665428907
225900.0,193559.0912081343,32340.908791865688
239400.0,179810.8977196953,59589.10228030471
301600.0,313852.4488080786,12252.448808078596
229700.0,263632.11991062167,33932.119910621666
277300.0,211328.56411207226,65971.43588792774
295500.0,280972.1639021714,14527.836097828578
175000.0,220121.79832462652,45121.79832462652
208200.0,258293.6417337882,50093.64173378819
311400.0,251722.88814838632,59677.11185161368
246900.0,264935.18646205566,18035.18646205566
263300.0,297110.0571222869,33810.057122286875
83100.0,72584.01494465175,10515.985055348254
500001.0,416520.42895788816,83480.57104211184
500001.0,382409.2755640672,117591.72443593282
308800.0,347540.3134457489,38740.31344574888
198100.0,232205.46791568567,34105.46791568567
122200.0,160688.40394919476,38488.40394919476
83500.0,193855.94725347075,110355.94725347075
214200.0,253851.676894115,39651.67689411499
82100.0,160282.24983467266,78182.24983467266
164600.0,128566.94014799276,36033.05985200724
161400.0,193266.27109556858,31866.271095568576
189200.0,154253.41650443553,34946.58349556447
84200.0,138642.8398983443,54442.839898344304
366000.0,234185.992695049,131814.007304951
165500.0,250237.00629948665,84737.00629948665
204200.0,260697.1158439172,56497.115843917214
215500.0,238445.47981265123,22945.479812651232
181300.0,92066.16122035721,89233.83877964279
182100.0,230837.205969784,48737.205969784
86700.0,47104.73532164944,39595.26467835056
117600.0,138941.15786802833,21341.157868028327
293000.0,339533.02724428906,46533.02724428906
94800.0,165032.1826590615,70232.18265906151
231400.0,228482.28682930357,2917.7131706964283
99800.0,101847.47677675226,2047.4767767522571
156300.0,161044.097433004,4744.097433004004
220500.0,293940.2441464327,73440.24414643273
58500.0,173803.57842060534,115303.57842060534
243800.0,227925.1067264931,15874.893273506896
118800.0,171484.37156243483,52684.371562434826
164300.0,193170.11930500448,28870.119305004482
90200.0,140089.8356191835,49889.83561918349
81100.0,122761.52207403978,41661.52207403978
272200.0,265579.7322186151,6620.267781384871
500001.0,375607.9269043249,124393.07309567509
54400.0,59608.375435800204,5208.375435800204
302000.0,298336.8034747686,3663.196525231411
147400.0,198054.37143173802,50654.37143173802
112500.0,125478.64026418087,12978.640264180867
395100.0,235930.84679330094,159169.15320669906
85600.0,189947.65072124128,104347.65072124128
241500.0,235896.75044375696,5603.249556243041
377200.0,326548.6806517913,50651.31934820872
92800.0,133098.3393931634,40298.33939316339
146500.0,244457.40857723673,97957.40857723673
104400.0,90690.96575249518,13709.034247504824
335900.0,333931.9572819386,1968.0427180614206
190000.0,208373.38009123201,18373.380091232015
99100.0,134004.79033508775,34904.790335087746
60300.0,98109.81078568795,37809.81078568795
260900.0,172274.38995028997,88625.61004971003
153400.0,125912.46079103772,27487.539208962276
227300.0,266673.0078780262,39373.00787802623
89200.0,127796.33735544304,38596.33735544304
173600.0,243207.04046412717,69607.04046412717
227700.0,274221.44241197023,46521.44241197023
451800.0,329580.5570584953,122219.4429415047
236500.0,255650.51495268813,19150.51495268813
156300.0,77938.15413818738,78361.84586181262
253700.0,215144.53468993914,38555.465310060856
202500.0,179676.0295380423,22823.97046195771
285600.0,309051.91496904154,23451.914969041536
375000.0,247948.42225766438,127051.57774233562
73700.0,53242.58846701731,20457.41153298269
158500.0,131386.6275286944,27113.3724713056
167900.0,173694.40238680365,5794.402386803646
439100.0,337747.6914446858,101352.3085553142
108300.0,123224.18052312416,14924.18052312416
68600.0,115432.48330706773,46832.48330706773
327800.0,282433.12519629457,45366.87480370543
346800.0,351247.9437088042,4447.943708804203
193800.0,134474.58147123092,59325.41852876908
220300.0,203139.64272867388,17160.357271326124
165300.0,191218.4114060589,25918.411406058905
165700.0,200447.1437966228,34747.14379662281
191700.0,210085.5206441306,18385.520644130593
304500.0,230030.34211530728,74469.65788469272
125000.0,155807.45511846524,30807.455118465237
39800.0,77796.65626718874,37996.65626718874
343100.0,233274.93339825864,109825.06660174136
334500.0,374512.88758340216,40012.88758340216
212200.0,262512.48197223723,50312.481972237234
162500.0,64964.853646617936,97535.14635338206
210100.0,199412.4255988643,10687.574401135702
145400.0,225200.34093598678,79800.34093598678
180900.0,242887.8192391771,61987.8192391771
64900.0,72927.14076758217,8027.140767582168
217500.0,285462.04157134914,67962.04157134914
475000.0,155874.96631151033,319125.0336884897
147100.0,177057.8725916378,29957.872591637803
89400.0,50629.520236101875,38770.479763898125
130400.0,206237.13471368057,75837.13471368057
185200.0,225552.445136019,40352.445136019
93100.0,152072.4505349281,58972.450534928095
252900.0,266571.3061683589,13671.30616835889
150000.0,179199.11798298612,29199.11798298612
94600.0,117167.08527349282,22567.08527349282
232500.0,250449.1275170301,17949.12751703011
102300.0,172729.0950416515,70429.09504165151
160800.0,124362.76067848846,36437.239321511544
136300.0,211364.45791469165,75064.45791469165
148600.0,82985.64309578425,65614.35690421575
111300.0,70742.9905179471,40557.009482052905
101200.0,108638.20372549257,7438.203725492567
103600.0,177513.168939228,73913.168939228
225000.0,276534.41172523506,51534.411725235055
252200.0,264424.7076561632,12224.707656163198
246500.0,279843.19389939436,33343.19389939436
98700.0,94898.06734671388,3801.932653286116
136800.0,155097.40338268754,18297.40338268754
204300.0,257931.69311565012,53631.69311565012
162000.0,205960.16684946438,43960.16684946438
225200.0,224058.61669677595,1141.383303224051
195500.0,176735.8049605565,18764.195039443497
57600.0,69817.87169596297,12217.871695962967
287500.0,310964.67644486,23464.67644486
217700.0,247517.36362623528,29817.36362623528
118600.0,187018.0242788722,68418.02427887221
80900.0,92593.68293939518,11693.682939395178
223200.0,294310.34968726354,71110.34968726354
312300.0,278575.9920715698,33724.00792843022
192300.0,258698.86347236874,66398.86347236874
195100.0,185776.24067460612,9323.759325393883
67500.0,140263.72548577428,72763.72548577428
264700.0,262318.89970195893,2381.1002980410703
95400.0,117943.42432718382,22543.42432718382
77100.0,86974.92947844813,9874.929478448132
500001.0,430620.7846717284,69380.21532827162
500001.0,376098.1818454729,123902.8181545271
387100.0,333681.5323922305,53418.467607769475
118100.0,140923.2754974189,22823.275497418887
338900.0,257488.83929783828,81411.16070216172
311100.0,251832.54915511588,59267.45084488412
53000.0,30863.890515210078,22136.109484789922
500001.0,439536.22381319845,60464.77618680155
397800.0,273806.86225935444,123993.13774064556
185400.0,201011.99191218222,15611.991912182217
126400.0,77041.52595857841,49358.47404142159
269900.0,263654.28054276656,6245.719457233441
103400.0,148121.10701582173,44721.10701582173
93400.0,88331.05731730918,5068.942682690817
69100.0,106260.04897452226,37160.04897452226
500001.0,225706.68106973777,274294.31893026223
117200.0,171655.80471600845,54455.80471600845
169300.0,262906.1835463003,93606.18354630028
369800.0,315827.06196471426,53972.93803528574
89200.0,87016.34395389947,2183.6560461005283
89000.0,99152.97848384667,10152.978483846673
54400.0,40556.11936744201,13843.880632557994
302000.0,282074.08147421514,19925.91852578486
195800.0,170459.46274700644,25340.537252993556
225000.0,164468.6155707869,60531.384429213096
89100.0,155756.59755887848,66656.59755887848
120700.0,184988.61889863198,64288.618898631976
422500.0,372394.27671340643,50105.723286593566
96400.0,109139.26181349518,12739.261813495177
149500.0,98866.94091230474,50633.05908769526
161000.0,230509.83205342756,69509.83205342756
263600.0,252098.7272510962,11501.272748903808
85500.0,173571.67053088057,88071.67053088057
195700.0,296672.6419944533,100972.64199445333
112500.0,160616.88502359454,48116.88502359454
236200.0,240756.6869369204,4556.686936920392
326100.0,320362.68079428753,5737.319205712469
131300.0,159377.63638277282,28077.63638277282
45500.0,46258.57532924789,758.5753292478912
184000.0,217706.94792620194,33706.947926201945
201600.0,282581.90716228116,80981.90716228116
248600.0,264357.31280737533,15757.312807375332
133300.0,186496.40908525523,53196.40908525523
199100.0,275784.8222550312,76684.8222550312
500001.0,389648.4472212333,110352.55277876672
75500.0,73626.74309644377,1873.2569035562337
276200.0,220103.9824806004,56096.01751939961
95800.0,122806.55840720242,27006.55840720242
86800.0,-17978.946708433214,104778.94670843321
331400.0,362237.02713189204,30837.027131892042
49100.0,32781.08686802263,16318.913131977373
111200.0,134199.77754472088,22999.777544720884
500001.0,409280.24017764075,90720.75982235925
190000.0,207463.7779208658,17463.777920865803
116100.0,122408.56859530178,6308.568595301782
274400.0,257690.595191036,16709.404808964
90800.0,108629.62818385627,17829.62818385627
112200.0,184719.48344984686,72519.48344984686
194100.0,198303.20981847672,4203.209818476724
93800.0,126777.48688621573,32977.48688621573
137500.0,102706.22319080484,34793.77680919516
94900.0,67818.71810337866,27081.281896621338
154900.0,28958.501787138375,125941.49821286162
201100.0,215703.4641067028,14603.464106702799
87500.0,48560.991581333685,38939.008418666315
195500.0,213691.43657850433,18191.436578504334
125600.0,168455.74891017692,42855.74891017692
330600.0,304473.05056209466,26126.949437905336
285400.0,279286.3254891428,6113.674510857207
217000.0,228007.92418479646,11007.924184796459
58000.0,56703.547011950606,1296.4529880493938
410400.0,366627.92551658483,43772.07448341517
145700.0,164234.18481175025,18534.184811750252
267500.0,263887.16735013283,3612.8326498671668
228900.0,208985.09010491928,19914.909895080724
350000.0,271610.05770800135,78389.94229199865
317600.0,269102.3077552223,48497.69224477769
258300.0,219404.99855566912,38895.001444330876
252100.0,193464.0309598904,58635.9690401096
104600.0,86729.9036215848,17870.096378415197
107300.0,147210.01614556927,39910.01614556927
242800.0,276534.9605721476,33734.960572147625
263800.0,251362.6555988655,12437.344401134498
500001.0,390363.0159750922,109637.98402490781
190700.0,184314.94615429454,6385.0538457054645
51100.0,61331.196696214174,10231.196696214174
181400.0,197890.57760867896,16490.577608678956
195600.0,194591.62547223034,1008.374527769658
255500.0,251151.56957109208,4348.4304289079155
165100.0,181689.17864189076,16589.178641890758
271100.0,277820.0833185716,6720.083318571618
269200.0,286247.1127329155,17047.1127329155
98400.0,133156.59741290612,34756.59741290612
261800.0,283347.62494901085,21547.624949010846
451300.0,386969.53483954933,64330.465160450665
150000.0,208217.2514700634,58217.251470063406
142300.0,129627.62414731704,12672.375852682962
274200.0,246500.80079509842,27699.199204901583
350000.0,228625.0767020337,121374.9232979663
240000.0,207657.34635002053,32342.653649979475
273300.0,361130.79752758157,87830.79752758157
74100.0,151036.5498778263,76936.5498778263
181300.0,177208.9404892534,4091.0595107465924
288500.0,238227.87448183834,50272.12551816166
149000.0,202433.9181713825,53433.91817138251
94800.0,73836.7891077256,20963.210892274394
246900.0,330352.598429071,83452.59842907102
218900.0,241378.06748082972,22478.06748082972
44100.0,63411.98504817832,19311.98504817832
138700.0,165725.58866365315,27025.58866365315
97900.0,89253.51336603666,8646.486633963345
208100.0,227001.24764650225,18901.24764650225
168800.0,224246.83351830253,55446.833518302534
142100.0,173213.05273357886,31113.052733578865
204400.0,212801.82294697643,8401.822946976434
131500.0,183162.78448218366,51662.78448218366
431900.0,298760.1201282357,133139.87987176428
81600.0,117274.17106399374,35674.17106399374
500001.0,400623.9288701759,99377.0711298241
133500.0,146461.62133615432,12961.62133615432
106100.0,118906.93290829657,12806.93290829657
312300.0,295227.35590001004,17072.644099989964
245800.0,243513.87638849733,2286.1236115026695
240500.0,174937.5164534748,65562.48354652521
136300.0,227519.87560725276,91219.87560725276
105200.0,143195.20277215762,37995.202772157616
400000.0,663821.2774788917,263821.27747889166
247000.0,131465.51917227608,115534.48082772392
98600.0,153450.68554278475,54850.68554278475
167600.0,219589.5371654208,51989.5371654208
163400.0,267673.41422400915,104273.41422400915
87500.0,49197.23973094276,38302.76026905724
69800.0,124369.29288717789,54569.292887177886
295900.0,316922.1575596595,21022.157559659507
247800.0,230227.43678226866,17572.56321773134
98200.0,121992.2051407841,23792.205140784106
78900.0,132287.13798102824,53387.13798102824
176200.0,207391.54933865785,31191.549338657846
164100.0,221619.2341540885,57519.23415408851
182100.0,256734.2894397463,74634.2894397463
447100.0,227366.74818108306,219733.25181891694
209200.0,279045.9231257091,69845.92312570912
139900.0,231218.2244384926,91318.22443849259
92300.0,73537.4699803339,18762.530019666097
73100.0,57784.385912653845,15315.614087346155
394000.0,220330.15731320824,173669.84268679176
156800.0,98975.26891316804,57824.73108683196
76900.0,82495.50043950601,5595.50043950601
108500.0,135063.73764452792,26563.737644527922
237500.0,270900.945454085,33400.94545408501
500001.0,299571.8151687591,200429.1848312409
267500.0,243410.7436983316,24089.256301668414
270500.0,223686.97971706602,46813.02028293398
122000.0,95250.99021385338,26749.00978614662
213200.0,198006.06700059978,15193.932999400218
163300.0,208003.00274843318,44703.00274843318
211700.0,185723.34675383312,25976.653246166883
130900.0,109144.86355722252,21755.136442777482
257200.0,319368.14086674294,62168.140866742935
405000.0,365513.2574304594,39486.74256954063
442100.0,308021.43121613906,134078.56878386094
358500.0,291555.2893297234,66944.7106702766
172400.0,250068.7053023933,77668.7053023933
69800.0,154017.41033082682,84217.41033082682
190200.0,188615.4203937492,1584.5796062508016
487000.0,551208.0467698304,64208.0467698304
133600.0,92408.84467194688,41191.15532805312
320600.0,230280.18042751952,90319.81957248048
145200.0,95840.65065601053,49359.34934398947
198000.0,248352.8353778068,50352.8353778068
213200.0,153429.88093319445,59770.11906680555
110500.0,161233.95744812308,50733.95744812308
375000.0,241899.73474953836,133100.26525046164
441100.0,338514.22999066126,102585.77000933874
267600.0,180226.32295824884,87373.67704175116
184800.0,280080.10644916975,95280.10644916975
289400.0,296402.24667760544,7002.246677605435
221700.0,168764.18386589954,52935.81613410046
125000.0,229584.36026261523,104584.36026261523
500001.0,469584.562615019,30416.43738498102
121800.0,104682.11581740306,17117.884182596943
239200.0,259083.2806436137,19883.28064361369
215400.0,217804.10732189077,2404.1073218907695
55800.0,56381.88465612827,581.8846561282699
350000.0,70405.83386214104,279594.166137859
500001.0,256858.46539480292,243142.53460519708
168300.0,220123.62054428514,51823.620544285135
361000.0,285492.85071556724,75507.14928443276
95300.0,118509.70220092735,23209.70220092735
157100.0,214773.25513035653,57673.25513035653
344000.0,313564.281160201,30435.718839798996
178500.0,152850.62351124384,25649.376488756156
213100.0,263429.6173385375,50329.61733853747
79200.0,111796.32267366795,32596.32267366795
112100.0,102708.84713447354,9391.152865526456
79900.0,62757.530005480774,17142.469994519226
208600.0,213996.91019058184,5396.910190581839
107400.0,131438.07667270818,24038.07667270818
275000.0,211952.62861830133,63047.37138169867
112500.0,116022.12844384163,3522.1284438416333
112800.0,142279.9669507567,29479.9669507567
112500.0,102095.90781565565,10404.09218434435
375000.0,214241.6203393238,160758.3796606762
129300.0,107450.62172295038,21849.37827704962
433000.0,335090.038771261,97909.961228739
477600.0,431234.69044626236,46365.309553737636
171900.0,188898.8019883508,16998.80198835081
153200.0,168766.17367708508,15566.173677085084
187200.0,234446.24774574122,47246.24774574122
500001.0,435247.26873109693,64753.731268903066
214700.0,228373.71802334915,13673.718023349153
165400.0,148078.0914334365,17321.908566563507
204400.0,237489.3090300226,33089.30903002259
223200.0,192688.79835638704,30511.201643612963
173400.0,186849.0704391016,13449.070439101604
319800.0,248875.00792215677,70924.99207784323
313800.0,307396.57844463346,6403.421555366542
40000.0,234447.95968806202,194447.95968806202
166800.0,58339.296422897896,108460.7035771021
55900.0,45247.691561776766,10652.308438223234
240500.0,277612.95409431664,37112.954094316636
342800.0,326089.96576316404,16710.034236835956
184400.0,121050.37608118592,63349.623918814075
115800.0,152619.64687834348,36819.64687834348
66000.0,27722.733822855982,38277.26617714402
363600.0,371831.0489419225,8231.04894192249
420000.0,336160.06349602947,83839.93650397053
500001.0,505108.71423487726,5107.714234877261
175900.0,95702.26034767488,80197.73965232512
314900.0,287651.75734482275,27248.24265517725
248900.0,240790.0497826694,8109.9502173305955
275000.0,298209.61601401545,23209.616014015453
283500.0,282294.25232869183,1205.7476713081705
152500.0,144682.03167432625,7817.968325673748
185000.0,271359.717383312,86359.717383312
198100.0,161812.3440935996,36287.65590640041
238600.0,234947.5334930424,3652.4665069576004
258200.0,360406.2697287465,102206.2697287465
161300.0,186367.0051304628,25067.005130462814
212500.0,293618.3901822399,81118.39018223988
500001.0,654659.8311395112,154658.8311395112
188400.0,241322.00771834218,52922.00771834218
121200.0,133787.8680958341,12587.8680958341
220500.0,251868.05411380948,31368.054113809485
156000.0,229201.95039846937,73201.95039846937
100000.0,124071.75938204069,24071.75938204069
83900.0,106894.34979029755,22994.34979029755
90600.0,89223.15115918506,1376.8488408149424
160200.0,224334.4130230496,64134.413023049594
257200.0,287248.19379906286,30048.193799062865
156300.0,248670.6757719827,92370.6757719827
103000.0,96919.68695523792,6080.313044762079
84700.0,123989.5210174246,39289.5210174246
55700.0,56247.3197330274,547.3197330273979
433300.0,308728.25567209546,124571.74432790454
188800.0,198764.7122678183,9964.712267818308
181500.0,242059.0653655358,60559.06536553579
384200.0,342895.94138811727,41304.058611882734
149000.0,203145.32875952986,54145.32875952986
206300.0,213887.53794560372,7587.537945603719
56100.0,122411.06772247778,66311.06772247778
152500.0,214560.0168554321,62060.0168554321
157300.0,264557.2033711938,107257.20337119378
194100.0,230550.72089246497,36450.720892464975
95500.0,114348.63741348642,18848.637413486416
263900.0,307511.27943492885,43611.279434928845
500000.0,243050.36013282294,256949.63986717706
332400.0,263179.79963011533,69220.20036988467
500001.0,579413.4533232762,79412.45332327625
125400.0,160902.26485112828,35502.264851128275
283200.0,279508.285066509,3691.714933491021
124000.0,172241.32712747547,48241.327127475466
195200.0,248576.2709767248,53376.2709767248
378100.0,296047.52849772025,82052.47150227975
218800.0,265319.87411350233,46519.87411350233
194600.0,201465.44154128202,6865.4415412820235
81500.0,137470.19641804975,55970.196418049745
214700.0,275660.5651345097,60960.5651345097
322100.0,274967.2019490091,47132.79805099091
106300.0,161170.51112447918,54870.51112447918
432100.0,316921.5807913769,115178.41920862312
218100.0,224260.10393476736,6160.103934767365
112500.0,200967.31830174965,88467.31830174965
222000.0,260794.53748781094,38794.53748781094
136400.0,142696.4260053687,6296.426005368703
167000.0,138646.4668689798,28353.533131020202
148600.0,150015.9185891085,1415.9185891085071
217200.0,197796.23007224267,19403.769927757327
374200.0,351949.26214010344,22250.73785989656
157100.0,171991.59518995724,14891.59518995724
331300.0,226088.61773230755,105211.38226769245
157200.0,182537.38235171585,25337.382351715845
125000.0,158843.50408554822,33843.50408554822
234500.0,291127.2178658419,56627.21786584193
195200.0,212151.996698765,16951.996698764997
271200.0,245051.2962370439,26148.70376295611
135200.0,187422.55442665506,52222.55442665506
172000.0,118233.01369095268,53766.98630904732
143800.0,144390.30697775987,590.3069777598721
95000.0,105000.86822574852,10000.86822574852
124900.0,178125.12375944768,53225.123759447684
273900.0,365344.2313495681,91444.23134956812
162500.0,100507.75163041236,61992.24836958764
500001.0,461175.0301943687,38825.96980563132
235600.0,258800.944186827,23200.944186826993
199900.0,261784.2602220371,61884.26022203709
290300.0,310520.34564850375,20220.345648503746
500001.0,431671.2427524098,68329.75724759023
300000.0,279376.00626594364,20623.993734056363
500001.0,443362.1674523284,56638.83254767163
430900.0,229105.3269450615,201794.6730549385
116300.0,177051.0273145285,60751.0273145285
223600.0,284480.889835513,60880.88983551302
344200.0,237196.16098236537,107003.83901763463
90500.0,66014.88738328431,24485.11261671569
93100.0,220247.4476301289,127147.44763012891
97000.0,138441.79030558743,41441.790305587434
265300.0,237309.23125252628,27990.768747473718
253200.0,212518.8389207446,40681.1610792554
179200.0,155345.90096792873,23854.099032071274
201600.0,255473.85319047666,53873.85319047666
109900.0,111611.57332768849,1711.5733276884857
189300.0,186977.4848779584,2322.515122041601
250000.0,184268.2054472117,65731.79455278831
300900.0,274807.993198412,26092.006801587995
96700.0,146899.24615041225,50199.24615041225
66000.0,66713.58347869746,713.5834786974592
500001.0,357138.1099164194,142862.89008358063
67700.0,98742.26958904219,31042.26958904219
58300.0,59102.52599261768,802.5259926176805
247000.0,279799.33487428696,32799.33487428696
273000.0,230236.8775306425,42763.122469357506
117300.0,127923.02225653989,10623.022256539887
87800.0,114666.28988844556,26866.289888445564
68900.0,43213.077223523374,25686.922776476626
153600.0,201388.07754555522,47788.07754555522
176000.0,114711.03880189655,61288.961198103454
81000.0,98862.00861268015,17862.008612680147
156900.0,85253.61170219643,71646.38829780357
44000.0,12532.003504480293,31467.996495519707
210200.0,230185.05091927006,19985.050919270056
106200.0,164613.75959367762,58413.75959367762
500001.0,247664.22415376405,252336.77584623595
214300.0,172799.91608087128,41500.08391912872
220200.0,189772.78152340936,30427.218476590642
131600.0,229408.79984583324,97808.79984583324
404800.0,286535.9683219919,118264.03167800809
63400.0,93787.91065723602,30387.910657236018
182900.0,214872.55928256683,31972.55928256683
89400.0,68273.40183798267,21126.598162017326
330600.0,366496.40699600684,35896.406996006845
226800.0,249126.0965641558,22326.0965641558
108200.0,132063.95511449326,23863.955114493263
219400.0,171460.83298878605,47939.167011213955
393900.0,287968.5408587962,105931.45914120378
140600.0,145622.8717480515,5022.87174805149
368500.0,291814.2029185567,76685.7970814433
483300.0,277730.30024709133,205569.69975290867
193800.0,241547.03673566424,47747.03673566424
148200.0,151838.9118186086,3638.9118186086125
251100.0,284033.9428697747,32933.942869774706
88800.0,104733.24266386431,15933.242663864308
82100.0,27351.852611636772,54748.14738836323
325000.0,232069.4004039141,92930.5995960859
191100.0,215497.15560318044,24397.155603180436
108600.0,146091.69291970314,37491.69291970314
126700.0,121183.88557013047,5516.114429869529
140000.0,82032.81214046649,57967.187859533515
278000.0,298540.96515193064,20540.965151930635
183300.0,189274.92753818294,5974.927538182936
66600.0,84245.82226738974,17645.82226738974
240900.0,230057.72623020553,10842.273769794469
396400.0,233289.16225233255,163110.83774766745
394000.0,229419.0139129943,164580.9860870057
138200.0,156886.72218149353,18686.722181493533
275000.0,292569.5351817566,17569.535181756597
271400.0,303844.1643076388,32444.164307638828
137500.0,247036.14807927143,109536.14807927143
154200.0,209991.03036329782,55791.03036329782
500001.0,413882.1409381154,86118.85906188458
174700.0,219003.57483371405,44303.574833714054
161900.0,189936.63473525614,28036.634735256142
152500.0,182388.99072271315,29888.990722713148
51900.0,121655.46531351018,69755.46531351018
184800.0,236860.62133664134,52060.62133664134
284100.0,205315.59148067288,78784.40851932712
324700.0,268743.41313629306,55956.586863706936
168300.0,231996.04595633963,63696.04595633963
227600.0,215116.83824865622,12483.161751343781
65200.0,79195.06389889076,13995.06389889076
121400.0,192855.22328794945,71455.22328794945
107500.0,173923.04769384925,66423.04769384925
186800.0,179864.4660971288,6935.53390287119
199600.0,228529.27891797162,28929.27891797162
350000.0,3238.549807826901,346761.4501921731
345800.0,307734.2484027615,38065.75159723847
228100.0,227320.9275219994,779.0724780005985
159200.0,136574.19313745736,22625.80686254264
179800.0,216990.99451340936,37190.99451340936
122000.0,192782.47857159257,70782.47857159257
255200.0,264052.94183556375,8852.941835563746
206300.0,253030.34754652623,46730.34754652623
500001.0,318594.68173352967,181406.31826647033
164100.0,213150.83724147902,49050.83724147902
166300.0,240326.44295329155,74026.44295329155
143100.0,153828.2365735299,10728.236573529895
96000.0,114658.31571028082,18658.315710280818
144800.0,200370.82719515823,55570.82719515823
60800.0,60512.950120698195,287.04987930180505
166200.0,184945.14970236493,18745.149702364928
281200.0,187633.52667009903,93566.47332990097
138500.0,217881.77660061306,79381.77660061306
338800.0,276660.16519050644,62139.834809493565
172800.0,121062.16230607552,51737.83769392448
159400.0,183001.88232502743,23601.88232502743
161000.0,198999.09428959148,37999.09428959148
164400.0,155119.39749336615,9280.602506633848
102100.0,183972.5094903474,81872.50949034741
177800.0,243201.05856562115,65401.05856562115
500001.0,374937.01596694323,125063.98403305677
233900.0,237829.09725518725,3929.0972551872546
151500.0,152745.72217030477,1245.722170304769
65900.0,72831.01127030663,6931.011270306626
258300.0,167107.48731861098,91192.51268138902
162800.0,211263.2114561021,48463.211456102086
129200.0,109054.15215288478,20145.84784711522
134100.0,253444.25386254914,119344.25386254914
500001.0,398432.5589183471,101568.44108165288
436400.0,266978.796175028,169421.20382497198
96100.0,44383.24480645274,51716.75519354726
39200.0,81994.81430657716,42794.81430657716
500001.0,236743.08256408246,263257.91743591754
65500.0,103017.17909738513,37517.17909738513
226400.0,180392.48646478046,46007.513535219536
163900.0,257253.46298190815,93353.46298190815
230400.0,264952.68832298234,34552.68832298234
267700.0,245065.93964610834,22634.060353891662
50300.0,31575.98049028308,18724.01950971692
94900.0,133226.12756959532,38326.12756959532
172200.0,244555.8974814276,72355.89748142759
108000.0,133681.5854775968,25681.58547759679
142200.0,246809.9923843965,104609.9923843965
143800.0,167939.3364661098,24139.336466109788
75400.0,105102.43063159208,29702.430631592084
142300.0,205309.25474890682,63009.254748906824
171000.0,161115.78370670878,9884.216293291218
160800.0,161530.59216616506,730.5921661650646
208700.0,189391.74654203685,19308.253457963147
458500.0,342190.81297928956,116309.18702071044
80800.0,56438.27804143759,24361.72195856241
264700.0,309628.2640907096,44928.26409070962
281300.0,226089.20402651,55210.79597348999
80800.0,65182.14732352519,15617.85267647481
221900.0,286108.6393047072,64208.639304707176
374100.0,285963.4947123572,88136.50528764282
123100.0,213023.4845252549,89923.4845252549
227600.0,250186.32544285277,22586.325442852773
93800.0,74933.38597994487,18866.61402005513
167000.0,178815.85305924632,11815.853059246321
175000.0,135560.51336065074,39439.486639349256
198400.0,246408.8374626186,48008.8374626186
199600.0,249619.16080083832,50019.16080083832
186400.0,282208.5619695294,95808.56196952937
375000.0,215955.66954766974,159044.33045233026
365600.0,304727.79429793765,60872.20570206235
85600.0,156561.52081294783,70961.52081294783
240600.0,318088.8413984464,77488.84139844641
500001.0,669298.8610635716,169297.86106357165
146000.0,98618.59901589733,47381.40098410267
125400.0,199410.13605058356,74010.13605058356
388100.0,325312.5749434059,62787.425056594075
255100.0,323990.71961879806,68890.71961879806
318400.0,250766.94924590964,67633.05075409036
49500.0,61707.56637096082,12207.56637096082
110400.0,100025.42509678284,10374.574903217159
228600.0,272947.05246687203,44347.05246687203
165800.0,232430.8022177579,66630.80221775791
171900.0,198147.5264411795,26247.526441179507
119000.0,157180.3966501921,38180.396650192095
158900.0,133753.20747453452,25146.792525465484
207300.0,282475.4607762658,75175.46077626583
258000.0,242345.41729972698,15654.582700273022
130400.0,157419.4035051299,27019.403505129914
122500.0,167423.44417216993,44923.444172169926
70500.0,123018.74472765751,52518.74472765751
128300.0,258494.3379473192,130194.3379473192
228200.0,233092.4729506086,4892.472950608586
179500.0,233368.85863655113,53868.85863655113
500001.0,393606.48590865877,106394.51409134123
500001.0,220728.16893952977,279272.8310604702
212500.0,234461.55435894322,21961.55435894322
237500.0,198570.96574123958,38929.034258760425
137000.0,91665.91370321672,45334.08629678328
97300.0,156932.8764442481,59632.876444248104
296200.0,295648.3405888625,551.6594111375161
176100.0,192366.2307405262,16266.230740526196
161100.0,184100.94526291412,23000.945262914116
152700.0,195718.51230725335,43018.512307253346
321800.0,286329.3336101005,35470.6663898995
72400.0,96562.0052560843,24162.005256084303
87000.0,165302.1139172064,78302.11391720641
92400.0,201360.39907165943,108960.39907165943
95700.0,28188.941447013378,67511.05855298662
201700.0,147828.88442700688,53871.11557299312
500001.0,412632.11384943983,87368.88615056017
217400.0,215971.87381186528,1428.1261881347164
75900.0,61672.74890490266,14227.251095097337
175500.0,193954.50927045438,18454.50927045438
154700.0,165309.1548755345,10609.1548755345
250500.0,242480.05298392967,8019.947016070335
229600.0,256004.7554315601,26404.7554315601
500001.0,300393.77945154754,199607.22054845246
127000.0,159912.06285015863,32912.06285015863
87500.0,105174.39128012102,17674.391280121024
336500.0,379697.78202889103,43197.78202889103
307600.0,196083.17315301436,111516.82684698564
73200.0,88072.35575228195,14872.355752281946
131200.0,210891.5022046202,79691.50220462019
161100.0,179534.5010178079,18434.501017807896
140500.0,131724.770924719,8775.229075281008
266700.0,285068.70847714687,18368.708477146865
194800.0,230877.17994892003,36077.179948920035
183800.0,252894.28010711225,69094.28010711225
158800.0,141107.1747545944,17692.825245405606
341200.0,246229.28042288232,94970.71957711768
113500.0,135574.66253990508,22074.662539905083
73100.0,69124.33709465698,3975.6629053430224
90300.0,163917.7149829836,73617.7149829836
123100.0,124400.8997502992,1300.8997502991988
130800.0,146563.1925548546,15763.192554854613
89600.0,89065.22719622073,534.7728037792695
160300.0,186160.51066931066,25860.510669310665
102500.0,93037.45362092432,9462.546379075677
196400.0,244265.15159322566,47865.15159322566
381800.0,227349.7315213135,154450.2684786865
175000.0,162580.8826911858,12419.117308814195
115500.0,157472.34442174548,41972.34442174548
190300.0,255789.19457410424,65489.194574104244
417500.0,367422.1729654765,50077.82703452348
197700.0,239799.48590271454,42099.48590271454
206700.0,194854.75188321542,11845.248116784584
212800.0,132850.24345575832,79949.75654424168
106300.0,167136.0259501399,60836.02595013991
231400.0,215139.86225990247,16260.137740097533
127100.0,198506.16484923556,71406.16484923556
150000.0,127703.95862760124,22296.04137239876
248100.0,255480.44532291815,7380.445322918153
92800.0,181486.8769326825,88686.8769326825
241800.0,259592.400652604,17792.400652604003
150700.0,157913.7666681102,7213.766668110213
39400.0,44018.29897682744,4618.298976827442
186800.0,248443.83187656605,61643.83187656605
87000.0,128249.2184248001,41249.2184248001
258100.0,195370.99343490164,62729.00656509836
52300.0,87787.3640262977,35487.3640262977
149900.0,148485.2897773058,1414.710222694208
56500.0,80593.49531921382,24093.49531921382
166400.0,231181.61120754527,64781.61120754527
163200.0,228486.25509873813,65286.255098738126
46900.0,178005.25277728582,131105.25277728582
112500.0,261763.97755649185,149263.97755649185
425000.0,274119.0161121583,150880.9838878417
181400.0,186747.6130799986,5347.613079998613
425000.0,238200.22416033258,186799.77583966742
290900.0,311304.79472995223,20404.794729952235
59500.0,121750.8128785,62250.8128785
146500.0,98322.63400629269,48177.36599370731
292200.0,263404.97350507,28795.026494929974
60400.0,82713.34058260928,22313.34058260928
187500.0,139841.5257976785,47658.47420232149
202200.0,210260.90922458912,8060.9092245891225
249000.0,285051.80914501945,36051.80914501945
500001.0,414933.22387723904,85067.77612276096
500001.0,269745.76048003836,230255.23951996164
178300.0,273273.49557901255,94973.49557901255
181300.0,223233.02054951448,41933.02054951448
310900.0,289261.67003961466,21638.329960385337
159600.0,180773.01778799912,21173.017787999124
380000.0,267212.62218317157,112787.37781682843
184400.0,171961.6964063988,12438.303593601187
167600.0,263327.1814882032,95727.18148820318
333700.0,342178.9747441581,8478.974744158098
497600.0,302275.8257533068,195324.1742466932
198500.0,279381.60052532714,80881.60052532714
103100.0,130548.23187099512,27448.23187099512
112500.0,139504.33589052391,27004.335890523915
52500.0,72956.77617018344,20456.77617018344
241700.0,249556.7746454775,7856.774645477504
140400.0,221212.48927301506,80812.48927301506
125400.0,103446.48551174293,21953.514488257075
350000.0,373091.35067721584,23091.350677215843
263700.0,368664.9527899914,104964.9527899914
188000.0,226477.719198752,38477.71919875199
226000.0,253770.0514195989,27770.051419598894
255300.0,233699.3632108979,21600.636789102107
133500.0,238655.65691035613,105155.65691035613
83900.0,81308.2906770521,2591.709322947907
109400.0,113713.55283234907,4313.552832349073
216700.0,241111.31123411935,24411.31123411935
193800.0,163838.5666209106,29961.4333790894
164600.0,163379.21931144485,1220.7806885551545
108900.0,166293.47637729225,57393.476377292245
147800.0,218390.3107674572,70590.31076745721
168800.0,246410.6420023258,77610.6420023258
73300.0,79576.71795247615,6276.717952476145
90600.0,92291.44425857409,1691.4442585740908
153000.0,167631.0587228305,14631.058722830494
143100.0,112896.01620560559,30203.983794394415
128600.0,236568.69070509693,107968.69070509693
195100.0,233014.8639461861,37914.86394618609
57000.0,83377.9632315038,26377.963231503803
51900.0,86918.38724751219,35018.38724751219
285200.0,305485.06110361504,20285.061103615037
171500.0,238531.91021961998,67031.91021961998
87000.0,122973.15107515197,35973.15107515197
151000.0,258161.93191616834,107161.93191616834
145500.0,137780.0840269202,7719.915973079798
247900.0,212346.18948241448,35553.810517585516
99100.0,153683.91017996738,54583.91017996738
141700.0,138565.28124178527,3134.7187582147308
85800.0,98132.1635124915,12332.163512491505
101900.0,172399.41034066374,70499.41034066374
144400.0,62190.20469987189,82209.79530012811
94400.0,124299.53656035694,29899.536560356937
72800.0,62386.81251097319,10413.187489026808
202100.0,195882.90707593897,6217.092924061028
156500.0,146160.55845083419,10339.441549165815
281300.0,226657.28325714372,54642.71674285628
137800.0,202354.16446652543,64554.16446652543
140200.0,126130.90855993565,14069.091440064352
78400.0,88359.30111035363,9959.301110353626
365600.0,356540.38527210016,9059.61472789984
131100.0,162643.20848659988,31543.208486599877
138700.0,138142.57613296888,557.423867031117
123700.0,155371.70473870012,31671.704738700122
105800.0,207819.055271112,102019.05527111201
94500.0,107071.93721800912,12571.937218009116
100000.0,35086.99591380209,64913.00408619791
238900.0,237402.48417354614,1497.5158264538622
187500.0,157577.11896616308,29922.881033836922
294600.0,202286.27373071728,92313.72626928272
131900.0,181341.11150147207,49441.11150147207
337300.0,326785.2891564267,10514.710843573324
500001.0,181626.0672868885,318374.9327131115
207700.0,166849.81492997464,40850.185070025356
108300.0,100967.16729823481,7332.83270176519
70900.0,105782.38853112451,34882.38853112451
192300.0,341994.302372691,149694.302372691
100900.0,94850.83084932783,6049.169150672169
119800.0,93894.70690823368,25905.293091766318
290800.0,310109.2404294361,19309.24042943609
93400.0,168837.63497814644,75437.63497814644
493000.0,479213.45881785057,13786.541182149434
87300.0,109954.4713321606,22654.471332160596
158100.0,236343.29627185775,78243.29627185775
134400.0,-763965.1191635922,898365.1191635922
285800.0,327099.3944719539,41299.394471953914
153300.0,234260.795534036,80960.795534036
296900.0,275760.3544891972,21139.645510802802
349000.0,331971.0741147495,17028.9258852505
217100.0,162420.02426629738,54679.975733702624
452100.0,373230.1291413111,78869.8708586889
302900.0,302587.6006803517,312.399319648277
177500.0,237865.15486411017,60365.15486411017
432900.0,327851.4808228577,105048.5191771423
114200.0,182053.18707048614,67853.18707048614
205900.0,181590.81286047053,24309.187139529473
190100.0,190853.4376880516,753.4376880516065
119100.0,200704.50174012702,81604.50174012702
329500.0,329978.9524265821,478.9524265821092
234900.0,266540.0627089493,31640.06270894932
169900.0,211642.7761476459,41742.7761476459
138200.0,201842.27451583097,63642.27451583097
75800.0,114958.42627886258,39158.42627886258
165600.0,209941.5487625625,44341.54876256251
182700.0,213597.4134463653,30897.413446365303
340500.0,282775.01667606924,57724.98332393076
355600.0,294763.77512083726,60836.224879162735
69000.0,111705.60613654873,42705.606136548726
162800.0,152302.57823443276,10497.42176556724
450000.0,143702.08666289516,306297.91333710484
153800.0,202097.9724117005,48297.972411700495
96600.0,100218.88182957283,3618.881829572827
293800.0,169664.49771117652,124135.50228882348
251200.0,245151.94942912582,6048.050570874184
500001.0,406405.5543528263,93595.44564717368
209700.0,273051.702392771,63351.702392771025
206300.0,225132.55663510365,18832.556635103654
165000.0,229618.3022510088,64618.302251008805
119500.0,120425.367783918,925.3677839180018
173800.0,210083.80384458578,36283.80384458578
191900.0,272471.39684336004,80571.39684336004
216600.0,225911.71828445542,9311.718284455419
230600.0,254131.55641681954,23531.55641681954
277300.0,297579.9558667605,20279.955866760516
59800.0,41355.238717826636,18444.761282173364
59100.0,128856.74234110289,69756.74234110289
82000.0,101336.66695960135,19336.666959601353
93800.0,153434.13790643166,59634.13790643166
109800.0,152599.29020249116,42799.29020249116
80000.0,91967.83722850696,11967.837228506964
221100.0,210778.87548275644,10321.12451724356
89600.0,142659.1450094671,53059.14500946709
112500.0,125127.98282459135,12627.982824591352
191300.0,210758.57801271856,19458.578012718557
500001.0,509804.5179443186,9803.517944318592
247600.0,270669.97524820245,23069.97524820245
106900.0,166508.21976549653,59608.21976549653
360000.0,163364.01246970432,196635.98753029568
159300.0,172385.6802852175,13085.680285217502
122000.0,222653.52304726437,100653.52304726437
228800.0,270003.2632864782,41203.26328647818
206300.0,252708.3851460469,46408.3851460469
151300.0,150244.49528478802,1055.5047152119805
177700.0,167812.68705835944,9887.312941640557
116300.0,120369.39768596887,4069.39768596887
97500.0,112771.78357352066,15271.78357352066
197900.0,267582.9011127459,69682.90111274592
116500.0,132152.28255134978,15652.282551349781
157300.0,172885.57839493352,15585.578394933516
137500.0,162616.04431102576,25116.044311025762
229900.0,287908.7027497375,58008.70274973748
174300.0,280284.5833305961,105984.5833305961
72100.0,124901.65947482872,52801.65947482872
218100.0,279490.8883107766,61390.888310776616
80200.0,111539.713410254,31339.713410254
137600.0,129069.04222016154,8530.957779838456
240200.0,233200.43308722216,6999.566912777838
500001.0,369265.34080022934,130735.65919977066
331300.0,227551.18110033253,103748.81889966747
474700.0,380712.8132157087,93987.18678429129
264000.0,256801.2042707273,7198.795729272708
258000.0,313782.8223836055,55782.822383605526
500001.0,394472.18202956696,105528.81797043304
241900.0,285436.89710015594,43536.89710015594
180300.0,178190.85240227362,2109.1475977263763
158900.0,209460.42037004116,50560.42037004116
185300.0,245137.94712084412,59837.947120844125
359400.0,290001.3234595373,69398.67654046271
96700.0,145858.8942577057,49158.89425770569
285400.0,341063.08544646343,55663.08544646343
169400.0,150170.5666058963,19229.43339410369
118100.0,201752.68787230353,83652.68787230353
159200.0,235865.40045452566,76665.40045452566
91700.0,150179.54310007155,58479.54310007155
111500.0,105554.9343423829,5945.065657617102
175000.0,136738.87506761018,38261.12493238982
183200.0,220904.54555654217,37704.54555654217
344000.0,328271.6520834266,15728.347916573402
421900.0,259438.5972789434,162461.4027210566
214800.0,241661.86169426836,26861.86169426836
170500.0,167538.07477947947,2961.9252205205266
61600.0,109806.05393666348,48206.05393666348
468800.0,275238.28256241675,193561.71743758325
500001.0,180090.05715215814,319910.9428478419
187200.0,250612.3608731514,63412.360873151396
500001.0,320873.9379650112,179127.06203498878
151900.0,218127.26240432003,66227.26240432003
193500.0,245130.2153656365,51630.21536563651
165400.0,217862.5429416636,52462.54294166359
118200.0,172810.85182260972,54610.85182260972
157300.0,162142.92077816935,4842.920778169355
122500.0,116275.78067587064,6224.219324129357
373100.0,308236.80697821616,64863.19302178384
185400.0,211355.1651583286,25955.1651583286
218600.0,244347.06987213632,25747.069872136315
90000.0,151709.52685622382,61709.52685622382
356700.0,406942.6908741803,50242.69087418029
173200.0,132675.52218231081,40524.477817689185
283200.0,319819.0348783353,36619.03487833531
129000.0,135915.08265187562,6915.082651875622
173900.0,196869.42143089618,22969.421430896182
187500.0,132755.5578738215,54744.4421261785
137500.0,153281.4529013492,15781.4529013492
500001.0,356867.0196120875,143133.98038791248
500001.0,570349.803677897,70348.80367789697
356000.0,345743.28548230324,10256.71451769676
334200.0,257208.09094549093,76991.90905450907
125000.0,151639.98496372916,26639.984963729163
83600.0,126495.68296639797,42895.68296639797
203200.0,265349.25524765265,62149.25524765265
132500.0,169695.5341985757,37195.53419857571
121400.0,91659.51369341723,29740.486306582767
350000.0,113377.41634208284,236622.58365791716
55200.0,51067.76588630595,4132.234113694052
86700.0,125686.73431635565,38986.73431635565
258300.0,229133.76921055902,29166.230789440975
179800.0,224293.58265050524,44493.58265050524
405400.0,232353.07232899274,173046.92767100726
296700.0,273378.7881600014,23321.211839998607
234400.0,238003.98229073582,3603.9822907358175
87500.0,139399.37097617247,51899.370976172475
386800.0,383828.2561939916,2971.743806008424
189600.0,203795.54989130993,14195.549891309929
121300.0,202179.544653726,80879.54465372601
500001.0,385722.94506683695,114278.05493316305
163100.0,244036.13220101368,80936.13220101368
313400.0,289194.96718729316,24205.032812706835
37500.0,107329.852984794,69829.852984794
90500.0,89095.26432488264,1404.7356751173647
286600.0,358127.58066693216,71527.58066693216
396200.0,307692.9350458752,88507.0649541248
500001.0,140765.0965867777,359235.9034132223
136300.0,166113.53392548164,29813.533925481635
231300.0,189284.9364152116,42015.06358478841
346000.0,231590.3479296019,114409.6520703981
311900.0,251758.0050469677,60141.99495303229
402500.0,209437.1307095796,193062.8692904204
91200.0,93649.13172330942,2449.131723309416
130600.0,215298.58567393807,84698.58567393807
365000.0,288715.53994600987,76284.46005399013
120800.0,132886.7033602888,12086.703360288811
116300.0,127510.26488627378,11210.264886273784
347900.0,256564.62766403792,91335.37233596208
79200.0,57887.11660864463,21312.883391355368
500001.0,531655.3759188139,31654.375918813865
70800.0,107522.94539273459,36722.94539273459
250000.0,229266.98862816143,20733.01137183857
275000.0,198413.68906042597,76586.31093957403
188000.0,267462.26079871604,79462.26079871604
177000.0,73747.58277439236,103252.41722560764
340000.0,380410.28037869465,40410.280378694646
76600.0,181021.107214255,104421.107214255
141900.0,136372.90495647577,5527.095043524227
191800.0,207856.77321399876,16056.773213998764
124700.0,195516.97631752357,70816.97631752357
500001.0,588539.9072098071,88538.90720980708
123400.0,209048.50387366366,85648.50387366366
330800.0,184257.9961027112,146542.0038972888
166500.0,142394.06342995676,24105.93657004324
171300.0,246428.6717686928,75128.67176869279
128600.0,202472.65337997704,73872.65337997704
154500.0,126294.69713594728,28205.30286405272
393800.0,283603.4545362154,110196.5454637846
72000.0,155182.70082318925,83182.70082318925
200000.0,110945.82575730856,89054.17424269144
131800.0,153248.9055953126,21448.905595312594
353900.0,376915.000032586,23015.000032585987
84300.0,66090.92177142878,18209.07822857122
332600.0,287747.16672625684,44852.83327374316
134100.0,236142.02472287466,102042.02472287466
373400.0,288146.84074399434,85253.15925600566
70900.0,54239.42504524937,16660.574954750628
67500.0,187445.5607175844,119945.56071758439
136400.0,191015.61683524994,54615.61683524994
60600.0,93804.8272251207,33204.827225120694
215700.0,229067.69933597697,13367.69933597697
230700.0,286216.9835929013,55516.98359290132
118000.0,72304.57391656106,45695.42608343894
260500.0,237047.03505906698,23452.964940933016
500001.0,400752.04900481086,99248.95099518914
230600.0,252537.67980472115,21937.67980472115
158000.0,264167.3840580199,106167.3840580199
105800.0,106501.99894613253,701.9989461325313
101500.0,111110.17749138482,9610.17749138482
146600.0,258027.45468072832,111427.45468072832
286400.0,242211.6958311976,44188.304168802395
334400.0,271260.64342058345,63139.35657941655
261900.0,247840.4664142783,14059.533585721714
172400.0,153564.5506634369,18835.44933656309
257400.0,213468.88164840537,43931.11835159463
135400.0,178225.2421425388,42825.2421425388
177900.0,232209.42950549326,54309.42950549326
102700.0,279736.9301448521,177036.9301448521
316000.0,346450.08194684936,30450.081946849357
92300.0,42171.77264773406,50128.22735226594
217300.0,255833.8706324301,38533.8706324301
334600.0,278284.52510223514,56315.474897764856
275000.0,323429.8806277466,48429.88062774658
137200.0,192289.58593033208,55089.585930332076
170700.0,127223.32992514242,43476.67007485758
229400.0,223646.76937562056,5753.230624379445
215200.0,273620.936705242,58420.93670524203
117200.0,154530.8023779902,37330.802377990214
78400.0,101865.46905834717,23465.469058347167
145500.0,136481.0298250736,9018.970174926391
160100.0,202158.7408503235,42058.74085032349
162000.0,249946.9284626434,87946.92846264341
322900.0,238751.71193672495,84148.28806327505
159100.0,182062.9815560047,22962.9815560047
500001.0,302710.63626826665,197290.36373173335
313700.0,255948.78795249772,57751.21204750228
124100.0,154297.2984087852,30197.298408785195
216100.0,271839.9673953989,55739.96739539888
169500.0,149962.21904353445,19537.780956465547
67300.0,84708.6134227809,17408.613422780894
155700.0,190033.3932946791,34333.39329467909
44700.0,48375.10993792961,3675.1099379296065
324200.0,258836.6005722431,65363.3994277569
288900.0,290284.8910006764,1384.8910006763763
222300.0,211059.2807948082,11240.719205191795
94500.0,178035.75597888045,83535.75597888045
94900.0,123474.35633188266,28574.356331882664
85300.0,108208.36817898955,22908.36817898955
162500.0,172948.70825796956,10448.708257969556
165100.0,181555.0233455602,16455.023345560214
175400.0,257747.88590694562,82347.88590694562
66400.0,47242.959627334465,19157.040372665535
143800.0,113948.05459310049,29851.94540689951
287800.0,216446.75805459762,71353.24194540238
93600.0,94883.37887916117,1283.3788791611732
241700.0,241954.65335009218,254.6533500921796
184600.0,248245.18547977324,63645.18547977324
321800.0,331550.8352741117,9750.835274111712
55100.0,63240.781837695075,8140.7818376950745
125600.0,149928.94867745915,24328.94867745915
311800.0,353027.1534123623,41227.15341236233
143800.0,160631.19922845258,16831.199228452577
60600.0,78699.83780470358,18099.83780470358
99000.0,62682.74522755397,36317.25477244603
372400.0,382398.30764302297,9998.30764302297
292100.0,230818.01473889773,61281.985261102265
100000.0,151864.88651727478,51864.886517274776
268400.0,277985.4945854135,9585.494585413486
150000.0,173969.29797795304,23969.297977953043
111500.0,211134.08634629427,99634.08634629427
241400.0,252920.7237120191,11520.723712019098
107200.0,122031.19005801866,14831.190058018663
231700.0,293523.52926329314,61823.52926329314
67000.0,79453.91524708306,12453.91524708306
94600.0,150327.5634958594,55727.56349585939
144100.0,228495.02405456736,84395.02405456736
93200.0,78629.4306297616,14570.569370238401
225000.0,246007.93024930632,21007.930249306315
110000.0,146250.6807488268,36250.680748826795
115300.0,111778.6386621704,3521.3613378295995
231000.0,260667.83984844497,29667.83984844497
165500.0,203528.3825992444,38028.38259924439
137300.0,149019.5539164116,11719.55391641159
87500.0,56491.73061105289,31008.269388947112
196900.0,67951.53881571186,128948.46118428814
127600.0,215980.89502581052,88380.89502581052
81100.0,207100.2757170091,126000.27571700909
243100.0,275124.27700522926,32024.27700522926
183400.0,242371.24476143412,58971.24476143412
129700.0,177124.10553935135,47424.10553935135
145300.0,154070.27637118235,8770.27637118235
170700.0,196758.0377914991,26058.03779149911
66700.0,87425.01966026037,20725.01966026037
102600.0,103510.76195746246,910.761957462455
168300.0,242585.67483465624,74285.67483465624
141700.0,188425.7052283709,46725.705228370905
141900.0,219209.71928495998,77309.71928495998
335000.0,276551.23802592885,58448.76197407115
97700.0,58983.01385718954,38716.98614281046
262800.0,205655.88675188806,57144.11324811194
405800.0,325804.5241632715,79995.47583672852
223800.0,219621.3754351115,4178.624564888509
185100.0,253212.39742737493,68112.39742737493
88500.0,76910.88580919105,11589.114190808948
145700.0,152246.49175800834,6546.491758008342
98700.0,143047.67881888742,44347.67881888742
67500.0,159287.29564377884,91787.29564377884
117600.0,124322.59936209382,6722.599362093824
67200.0,120078.46327770995,52878.46327770995
377300.0,273354.17085422075,103945.82914577925
500001.0,478860.5692297524,21140.430770247593
272200.0,265930.4827295948,6269.517270405195
69400.0,48981.30912768448,20418.69087231552
204200.0,201032.9415486121,3167.0584513878857
91300.0,79278.38070400614,12021.619295993863
78600.0,54426.79807806105,24173.201921938948
329800.0,367248.3523833497,37448.35238334967
171000.0,211148.05787039915,40148.05787039915
420000.0,384552.1605198554,35447.83948014461
184500.0,233652.90595568693,49152.90595568693
76900.0,108134.40318455092,31234.403184550916
150800.0,156615.76529311016,5815.765293110162
181300.0,133452.9830965051,47847.01690349489
164700.0,223913.56707659113,59213.567076591135
185400.0,203732.29726499977,18332.29726499977
133800.0,215268.6311802005,81468.6311802005
500001.0,457434.0672292033,42566.9327707967
73000.0,103779.19601962178,30779.196019621784
232600.0,222654.67155066182,9945.32844933818
144600.0,118411.28428171616,26188.715718283842
178200.0,217773.33757546643,39573.33757546643
176900.0,241207.43387871434,64307.433878714335
109600.0,177952.06731357175,68352.06731357175
95500.0,131185.86141312734,35685.861413127335
187500.0,43885.45719324116,143614.54280675884
439100.0,422091.65249794396,17008.347502056044
57900.0,140409.81469142076,82509.81469142076
281100.0,279366.22969078715,1733.7703092128504
137500.0,175999.89277116937,38499.89277116937
99200.0,89950.0923603986,9249.907639601399
66900.0,29946.389752829593,36953.61024717041
500001.0,410371.0264181979,89629.9735818021
222800.0,220363.3179955793,2436.682004420698
174200.0,234459.20738772777,60259.20738772777
173800.0,201462.02404966814,27662.024049668136
238500.0,145587.0546434623,92912.9453565377
255000.0,126429.36059624479,128570.63940375521
134400.0,138510.84207411628,4110.8420741162845
328700.0,371531.3881006995,42831.38810069952
291800.0,315290.15980935824,23490.159809358243
111800.0,109862.98865974949,1937.0113402505085
121500.0,183274.3750462057,61774.37504620571
247000.0,275338.64353197906,28338.64353197906
197800.0,188221.42365055802,9578.57634944198
307100.0,238290.11417548393,68809.88582451607
252600.0,271650.49956194015,19050.499561940145
173400.0,215938.401670967,42538.401670966996
88900.0,106238.96451069835,17338.96451069835
182100.0,186007.27796362134,3907.277963621338
172500.0,135835.6730137489,36664.32698625111
500001.0,260157.55579909406,239843.44420090594
229600.0,273408.32234786055,43808.32234786055
259600.0,304139.70514619234,44539.70514619234
169900.0,121642.6739272761,48257.326072723896
268100.0,238368.83104554532,29731.168954454683
271900.0,277781.2335033633,5881.233503363328
71900.0,29883.13298651378,42016.86701348622
192200.0,220428.82410464733,28228.824104647327
145200.0,157973.87655361023,12773.87655361023
500001.0,417783.64444824844,82217.35555175156
179500.0,194713.895850723,15213.895850722998
148400.0,175532.00266773204,27132.002667732042
244000.0,222209.9595918161,21790.040408183908
196400.0,257028.19525837977,60628.19525837977
145000.0,127581.0566848605,17418.943315139506
162500.0,168675.1358591987,6175.135859198694
256000.0,221227.53010497952,34772.46989502048
253900.0,227118.42849910262,26781.57150089738
125400.0,214845.80153360235,89445.80153360235
500001.0,527510.9224596701,27509.92245967011
243100.0,223128.40301522936,19971.596984770644
377300.0,195516.17804724755,181783.82195275245
320600.0,224224.75667680087,96375.24332319913
115400.0,125031.70097804473,9631.700978044726
247100.0,290849.78889030986,43749.788890309865
211000.0,283463.137254018,72463.13725401799
221800.0,265831.91865660297,44031.91865660297
126800.0,155115.82990008083,28315.829900080833
348800.0,257552.54742988042,91247.45257011958
115900.0,161745.30009864888,45845.30009864888
93900.0,152796.01725032294,58896.01725032294
121900.0,169723.73313104323,47823.733131043235
222400.0,225377.33463158057,2977.3346315805684
237300.0,288110.2320099763,50810.23200997629
87500.0,26988.875683759252,60511.12431624075
185900.0,233399.38868556186,47499.38868556186
226700.0,207022.79927284693,19677.200727153075
134100.0,199008.95983759497,64908.95983759497
110500.0,150956.9200217417,40456.92002174171
83000.0,70736.28901943707,12263.71098056293
88800.0,85226.9642790321,3573.035720967906
55500.0,89677.48945609962,34177.48945609962
220700.0,235953.71672231224,15253.716722312238
220100.0,258745.55182107576,38645.55182107576
429300.0,449665.7239817699,20365.723981769872
109100.0,169516.48529818008,60416.48529818008
107000.0,191396.2977055902,84396.2977055902
159100.0,250696.53356625,91596.53356625
156700.0,153337.11175240774,3362.8882475922583
93800.0,138636.54518741614,44836.54518741614
296400.0,305603.18113539007,9203.18113539007
45500.0,51426.80331632643,5926.803316326434
51700.0,61936.93354044997,10236.933540449972
161900.0,212964.92443263845,51064.92443263845
151400.0,195481.4675121599,44081.4675121599
226300.0,265086.7628697513,38786.762869751314
55000.0,37773.461042995856,17226.538957004144
147200.0,169361.1572126476,22161.15721264761
131200.0,126278.16794105085,4921.832058949149
179500.0,238703.68234330995,59203.68234330995
397900.0,226407.31847150132,171492.68152849868
450000.0,132804.26671805631,317195.7332819437
381800.0,396822.2015963935,15022.201596393483
174200.0,301924.8168992585,127724.81689925853
143000.0,169486.22701599318,26486.22701599318
245600.0,275790.4562353715,30190.456235371472
282600.0,265906.3490517796,16693.6509482204
113500.0,102258.19518353097,11241.804816469026
348300.0,324948.8852267129,23351.11477328709
500001.0,339630.2869045815,160370.71309541853
67500.0,196937.21040500744,129437.21040500744
220000.0,193163.53278663612,26836.46721336388
41000.0,82469.52261897999,41469.52261897999
500001.0,276709.5947884405,223291.4052115595
155900.0,128273.55699483397,27626.44300516603
500001.0,412607.4697278192,87393.5302721808
372000.0,324006.6198490851,47993.38015091489
214700.0,223725.04431363245,9025.044313632447
176600.0,183815.63761684316,7215.63761684316
404500.0,281734.4674816879,122765.5325183121
231300.0,200702.04175646947,30597.958243530535
224700.0,213048.3159746529,11651.684025347087
135300.0,163707.07266604336,28407.072666043357
99500.0,136654.59408780158,37154.59408780158
248700.0,201384.1904816164,47315.80951838361
169900.0,192642.7655670234,22742.765567023394
201400.0,189985.62545610662,11414.374543893384
162500.0,138925.22858030806,23574.77141969194
145800.0,175356.27993555667,29556.279935556668
69700.0,88102.11664870905,18402.116648709052
68500.0,145688.87090188864,77188.87090188864
94400.0,94426.1800654255,26.180065425505745
90600.0,99706.41282406163,9106.412824061626
46700.0,44743.08220242613,1956.9177975738712
317800.0,329249.455158162,11449.455158161989
187500.0,192589.65293952904,5089.652939529042
186900.0,263290.13063400716,76390.13063400716
157100.0,135045.14108788088,22054.858912119118
101000.0,99402.20087181964,1597.7991281803552
75900.0,111280.54834912252,35380.54834912252
396700.0,261328.35935463055,135371.64064536945
231400.0,285308.84660822386,53908.84660822386
318500.0,394122.4681115378,75622.4681115378
269900.0,256938.61389669962,12961.386103300378
60800.0,65242.02614910956,4442.026149109559
189600.0,201104.02753306902,11504.02753306902
223000.0,243793.14525594655,20793.145255946554
283300.0,264875.35489272064,18424.645107279357
288900.0,176629.13634598008,112270.86365401992
152100.0,130976.92218426625,21123.077815733748
123800.0,133883.57872852148,10083.578728521476
277700.0,232759.91806107434,44940.081938925665
110000.0,148755.3349682063,38755.3349682063
336200.0,263193.2927678518,73006.70723214821
136600.0,203251.59115679702,66651.59115679702
116100.0,147914.49523342546,31814.495233425463
74300.0,124332.63353464652,50032.63353464652
123900.0,134546.16561642388,10646.165616423881
206300.0,116139.66648103853,90160.33351896147
500001.0,377376.9465493306,122624.0534506694
202400.0,218992.84789172126,16592.847891721263
87300.0,134076.00370775384,46776.00370775384
146100.0,185388.1295807658,39288.12958076579
137500.0,189260.11824716418,51760.11824716418
201800.0,300207.0844844511,98407.0844844511
113100.0,153849.3328857216,40749.33288572161
500001.0,362170.6801935632,137830.31980643678
88900.0,168569.5302111313,79669.53021113129
92800.0,12233.000200574548,80566.99979942545
136000.0,178895.1724968144,42895.1724968144
178200.0,212338.0621834968,34138.062183496804
181400.0,221022.91334784447,39622.91334784447
80900.0,137890.70275760704,56990.70275760704
263400.0,287500.7161877523,24100.716187752318
372300.0,244958.12879117488,127341.87120882512
96400.0,113010.73313636096,16610.733136360956
86900.0,118409.11537258686,31509.115372586864
140600.0,81458.63305000185,59141.36694999815
143500.0,166306.4599050475,22806.459905047494
59300.0,78025.57620101565,18725.576201015647
82200.0,9834.141027900361,72365.85897209964
175400.0,184533.3398520226,9133.33985202259
100000.0,122712.93983642259,22712.939836422593
268200.0,317751.4764218167,49551.47642181668
154300.0,162548.63149751263,8248.63149751263
75700.0,231210.5938741429,155510.5938741429
77500.0,87079.77255586506,9579.772555865056
95700.0,145673.56406637875,49973.56406637875
93600.0,159617.1153241641,66017.1153241641
303400.0,305200.14416580246,1800.144165802456
67900.0,134115.10987137858,66215.10987137858
306900.0,359108.96799139224,52208.967991392245
193300.0,265285.4758695731,71985.47586957313
314700.0,283289.54868039023,31410.45131960977
171100.0,212782.50639507646,41682.50639507646
250000.0,216092.70746437725,33907.29253562275
144400.0,157290.53412125277,12890.534121252771
75900.0,104728.42462904817,28828.424629048168
129900.0,170044.03315128168,40144.03315128168
350000.0,249223.30521269154,100776.69478730846
150800.0,251062.74589629757,100262.74589629757
400000.0,258398.0737549187,141601.9262450813
154200.0,210422.67840195232,56222.67840195232
500001.0,363102.2624139242,136898.7375860758
323800.0,282191.4569227496,41608.54307725042
187500.0,141796.3677711729,45703.632228827104
87500.0,65465.41273041855,22034.587269581447
500001.0,379777.41229295265,120223.58770704735
244000.0,266164.35372735903,22164.353727359034
224000.0,188485.97940798826,35514.020592011744
113500.0,120317.22528887149,6817.225288871487
304700.0,238933.20483823068,65766.79516176932
178300.0,235584.55049982367,57284.55049982367
210300.0,104631.67031355122,105668.32968644878
222100.0,169879.41363983485,52220.58636016515
56500.0,72869.80118517915,16369.801185179153
186700.0,282798.21546575957,96098.21546575957
162500.0,74163.75835886062,88336.24164113938
26900.0,140276.89621084742,113376.89621084742
245800.0,412143.59184231714,166343.59184231714
203700.0,224408.78221179673,20708.78221179673
500001.0,367612.1101362253,132388.8898637747
192900.0,278894.5807382555,85994.58073825552
87500.0,33089.31970793122,54410.68029206878
333300.0,227236.1948450075,106063.8051549925
258100.0,318840.38768410106,60740.387684101064
275000.0,261300.17266551283,13699.82733448717
195400.0,246677.72875698068,51277.72875698068
272400.0,320767.71131531766,48367.71131531766
225600.0,255849.67058175133,30249.67058175133
218800.0,243073.05909774094,24273.059097740945
350000.0,256076.08257213133,93923.91742786867
314000.0,287281.4636739128,26718.536326087196
86000.0,88871.12540619909,2871.1254061990912
133900.0,151050.12149658194,17150.121496581938
325800.0,239371.40409176244,86428.59590823756
153700.0,204812.56583663414,51112.56583663414
222100.0,231975.81970181776,9875.81970181776
224800.0,301612.29582020984,76812.29582020984
500001.0,382387.124272009,117613.87572799099
257400.0,278307.73026431736,20907.73026431736
195800.0,261665.71243084015,65865.71243084015
185800.0,193497.9179146434,7697.917914643389
103600.0,152210.47787945328,48610.477879453276
229300.0,224120.56056619986,5179.439433800144
500001.0,385392.6052886496,114608.39471135038
50000.0,97067.79508351017,47067.795083510166
69300.0,90859.47176689566,21559.47176689566
96100.0,156932.59054815897,60832.59054815897
104200.0,151812.06744244046,47612.06744244046
154500.0,192150.52783227837,37650.52783227837
170300.0,134935.87801698325,35364.121983016754
406200.0,322612.2397787912,83587.7602212088
59600.0,141264.91009606325,81664.91009606325
333300.0,242352.28479178148,90947.71520821852
180400.0,182408.0962513595,2008.0962513595005
99300.0,146539.50448671723,47239.504486717226
140100.0,184377.77838708513,44277.77838708513
500001.0,174975.8913817343,325025.1086182657
174400.0,256802.1254330249,82402.12543302489
131000.0,149478.7214159746,18478.721415974607
253900.0,191149.43552626125,62750.56447373875
157700.0,131246.26006140438,26453.739938595623
158200.0,226688.4905839795,68488.4905839795
184100.0,262887.7269973534,78787.72699735343
250000.0,255778.4022640588,5778.402264058794
137300.0,206412.1362118558,69112.1362118558
187500.0,163694.26282511395,23805.737174886046
194300.0,185560.78444782709,8739.215552172915
127900.0,183120.19231332024,55220.192313320236
135200.0,144266.22609940486,9066.226099404856
241100.0,242649.51309900405,1549.5130990040489
331900.0,287089.1020806769,44810.89791932312
253100.0,274640.4321083775,21540.432108377514
165300.0,115956.68370292448,49343.31629707552
96900.0,95323.43626070046,1576.5637392995413
163200.0,218613.92073196115,55413.920731961145
256200.0,269207.20483079035,13007.204830790346
221200.0,269223.9014260111,48023.901426011114
137500.0,127828.95664365786,9671.04335634214
160800.0,125767.04760260932,35032.952397390676
170100.0,234704.25961552016,64604.25961552016
272300.0,270116.9402311177,2183.059768882289
169200.0,208126.0717181635,38926.0717181635
113600.0,182010.34812894452,68410.34812894452
164900.0,203939.37722643232,39039.37722643232
83000.0,52451.47170761542,30548.52829238458
219700.0,296559.0212349148,76859.02123491478
189200.0,208424.45864589914,19224.45864589914
109400.0,210094.11667356643,100694.11667356643
500001.0,550911.0578915575,50910.05789155746
175000.0,203704.01850190526,28704.01850190526
90000.0,118410.65467702238,28410.65467702238
59000.0,90025.05425153843,31025.05425153843
143400.0,138203.46125069025,5196.538749309751
479700.0,311525.33327607956,168174.66672392044
57500.0,109122.11701688713,51622.11701688713
242000.0,267720.3382374074,25720.338237407384
95000.0,102450.28869968797,7450.288699687968
500001.0,487081.9042020391,12919.09579796088
199100.0,215415.34513517164,16315.345135171636
366800.0,325851.6942558036,40948.305744196405
73500.0,105067.7603732813,31567.7603732813
458600.0,278496.8159075269,180103.18409247312
213300.0,200908.12694903123,12391.873050968774
375000.0,188383.3972712995,186616.6027287005
173500.0,220257.0767762819,46757.0767762819
152800.0,126144.32908452033,26655.67091547967
244400.0,185251.232442697,59148.767557303014
192600.0,223793.32824273946,31193.32824273946
165700.0,208833.16941197214,43133.169411972136
38800.0,162045.88395818084,123245.88395818084
134500.0,165076.1420963187,30576.142096318712
322600.0,291715.33621496987,30884.663785030134
481300.0,372138.5150923913,109161.48490760871
159000.0,142232.9611478108,16767.038852189202
238000.0,159734.42828065518,78265.57171934482
255700.0,280807.36232623365,25107.362326233648
90000.0,117664.1932503239,27664.193250323893
146400.0,108574.32831383469,37825.67168616531
190500.0,194270.63215896682,3770.6321589668223
500001.0,266683.0918782081,233317.9081217919
190600.0,249986.3789395727,59386.37893957269
248000.0,303651.9984906027,55651.99849060271
154600.0,110437.68994404204,44162.31005595796
87900.0,114841.42913060436,26941.42913060436
72600.0,26809.749161359243,45790.25083864076
55100.0,104104.98197655068,49004.98197655068
206000.0,241587.9093694996,35587.9093694996
65000.0,158746.87563217222,93746.87563217222
278100.0,311358.2491295291,33258.24912952911
140800.0,241990.5944822395,101190.59448223951
245000.0,274094.53925094666,29094.539250946662
183600.0,240564.56005836194,56964.56005836194
342900.0,238498.0391022002,104401.96089779981
87500.0,228969.27166744362,141469.27166744362
174800.0,190864.27188173137,16064.271881731373
143800.0,127883.81280610463,15916.18719389537
164000.0,263589.17179606966,99589.17179606966
235300.0,195035.74266333657,40264.25733666343
81300.0,56815.52416218686,24484.475837813137
181800.0,236931.95056268555,55131.95056268555
181900.0,213218.33646755232,31318.33646755232
139700.0,169155.59826452617,29455.59826452617
252300.0,263549.8788328401,11249.878832840128
122400.0,159102.71197692293,36702.71197692293
167400.0,169938.4281142991,2538.4281142991094
350000.0,130735.21601977335,219264.78398022667
44800.0,81017.18382767086,36217.18382767086
115300.0,93254.47466808259,22045.525331917408
112900.0,130847.61914705164,17947.619147051635
332600.0,265298.36160899635,67301.63839100365
112300.0,122425.73320955716,10125.733209557162
126600.0,173243.7959807659,46643.79598076589
233200.0,275912.9948432137,42712.9948432137
123500.0,90448.78115394858,33051.218846051415
278900.0,238732.5819907543,40167.41800924571
319000.0,250113.10312031192,68886.89687968808
63400.0,71016.11092232176,7616.1109223217645
418600.0,267256.3464702191,151343.65352978092
500001.0,373198.1184713753,126802.88152862468
138200.0,201737.90511773538,63537.90511773538
235900.0,279627.88567494985,43727.88567494985
370200.0,369380.82911413006,819.1708858699421
318400.0,255066.51796019753,63333.482039802475
147300.0,238599.89672146455,91299.89672146455
124300.0,117223.76974471983,7076.23025528017
270700.0,245524.83091977716,25175.16908022284
272400.0,175979.42895645276,96420.57104354724
214900.0,277669.06062176666,62769.060621766665
393700.0,329678.4015799272,64021.59842007281
125000.0,113785.3281211597,11214.671878840294
174000.0,215162.55774652568,41162.55774652568
214300.0,162397.05391092866,51902.94608907134
74600.0,105538.92148400932,30938.92148400932
67200.0,63759.290477895236,3440.709522104764
199200.0,236760.07113647257,37560.07113647257
155900.0,173653.50810069934,17753.508100699342
95000.0,96876.94270800405,1876.9427080040477
500001.0,502032.61421858676,2031.6142185867648
150000.0,204120.62556603056,54120.62556603056
374000.0,351775.7545738674,22224.245426132577
212100.0,224198.88864298767,12098.888642987673
269800.0,298139.0764454754,28339.076445475395
126500.0,148512.15524283235,22012.15524283235
150400.0,209637.82108988243,59237.82108988243
232400.0,264748.47715947486,32348.47715947486
47600.0,44356.524405322125,3243.475594677875
197400.0,219461.06121174645,22061.061211746448
125000.0,165397.2966142216,40397.29661422159
386700.0,381019.9673113405,5680.032688659499
500001.0,535657.3139744239,35656.313974423916
90200.0,135492.489819381,45292.48981938101
295200.0,401834.15323393815,106634.15323393815
228900.0,193825.17367219212,35074.82632780788
75300.0,94478.3867652173,19178.386765217307
189800.0,189736.76939519943,63.23060480057029
147500.0,126655.49956509356,20844.50043490644
201100.0,235023.78188295406,33923.78188295406
174100.0,258847.33009106634,84747.33009106634
181100.0,242378.40571476566,61278.40571476566
186500.0,211824.19407762476,25324.194077624765
237500.0,114131.61118428092,123368.38881571908
173300.0,251841.73929365296,78541.73929365296
196700.0,230121.35600630753,33421.35600630753
286000.0,228245.8054795015,57754.19452049851
55300.0,46073.269112563285,9226.730887436715
454100.0,302058.3805736377,152041.61942636227
267500.0,286876.0683795538,19376.06837955379
161400.0,233909.60385260856,72509.60385260856
244300.0,161333.26700515038,82966.73299484962
273400.0,272037.1996317539,1362.8003682460985
102400.0,112269.33260374145,9869.332603741452
282700.0,304167.3661895039,21467.366189503926
219200.0,315892.52132834087,96692.52132834087
193800.0,197159.96394915198,3359.9639491519774
252300.0,176578.7126799433,75721.2873200567
74700.0,112645.1879993721,37945.187999372094
172600.0,283157.16658575926,110557.16658575926
336900.0,304422.22219675017,32477.77780324983
227300.0,211984.65423153067,15315.345768469328
91700.0,116533.0201759328,24833.020175932805
113000.0,134806.88770007074,21806.887700070743
455900.0,379294.5196682233,76605.48033177672
186400.0,215368.74806112403,28968.74806112403
46900.0,57394.07344543541,10494.07344543541
56600.0,47980.91690467237,8619.08309532763
257100.0,231679.56809785866,25420.43190214134
53400.0,95626.87945713916,42226.87945713916
206500.0,200371.45354267905,6128.5464573209465
151700.0,158968.80493668828,7268.804936688277
92800.0,109845.5218560298,17045.521856029794
91100.0,50672.93020528302,40427.06979471698
213900.0,298807.07077213546,84907.07077213546
280200.0,268410.7515141943,11789.2484858057
162500.0,204224.62629133306,41724.62629133306
300000.0,135628.83954420706,164371.16045579294
146200.0,215305.27090529262,69105.27090529262
93000.0,128937.97370790927,35937.973707909274
309100.0,175241.56216122836,133858.43783877164
111300.0,140093.81597650505,28793.81597650505
150000.0,193776.75044612907,43776.75044612907
180800.0,166767.83157799256,14032.168422007438
97300.0,64026.19154533805,33273.80845466195
236400.0,223368.0944483626,13031.905551637406
177500.0,198641.31384344812,21141.313843448122
342200.0,360668.9843172581,18468.984317258117
451100.0,321015.98480013973,130084.01519986027
104200.0,83881.30424467933,20318.695755320674
353900.0,267909.65063203836,85990.34936796164
228100.0,198141.15117237152,29958.848827628477
137300.0,149405.8398325392,12105.839832539205
234200.0,328411.0248668368,94211.02486683679
195800.0,212361.54145512191,16561.541455121915
132200.0,128296.31771832787,3903.682281672125
186500.0,207094.87850098038,20594.878500980383
483100.0,469887.221277462,13212.778722537972
174100.0,150139.9520855765,23960.047914423514
500001.0,420199.7896869636,79801.2103130364
110000.0,57689.09095542962,52310.90904457038
202800.0,204175.44341779928,1375.4434177992807
108000.0,129587.12264519198,21587.12264519198
112500.0,136750.8322605127,24250.83226051269
198400.0,247582.9828809147,49182.9828809147
282900.0,316204.64152930456,33304.64152930456
151400.0,168033.2139002048,16633.213900204806
250000.0,133544.51121697447,116455.48878302553
261800.0,253398.92548671569,8401.074513284315
201000.0,228265.3907286416,27265.390728641592
167500.0,221626.7052988948,54126.70529889481
110800.0,138914.54638469074,28114.546384690737
157800.0,208165.31955360202,50365.31955360202
144000.0,231206.90195050373,87206.90195050373
245400.0,274861.9447092786,29461.944709278585
131300.0,20607.155566156667,110692.84443384333
223100.0,316207.4134395029,93107.41343950288
118300.0,202011.25984757187,83711.25984757187
274800.0,314775.48879465525,39975.48879465525
138100.0,147468.21987188922,9368.219871889218
108300.0,104248.33061760305,4051.6693823969545
152300.0,188473.35794565227,36173.35794565227
150000.0,253127.33910264773,103127.33910264773
146900.0,231865.29878668307,84965.29878668307
219500.0,236039.2687422347,16539.268742234708
233000.0,179494.87631173432,53505.12368826568
185800.0,220847.05691113375,35047.05691113375
172600.0,220512.42550156356,47912.42550156356
405800.0,338050.3231590104,67749.67684098962
130600.0,218662.08691710196,88062.08691710196
223700.0,224804.7990003117,1104.799000311701
218800.0,127504.95743327722,91295.04256672278
500001.0,590679.1840189641,90678.18401896406
311800.0,285810.654156909,25989.345843091025
382200.0,287240.87553283985,94959.12446716015
118800.0,103126.7300686156,15673.269931384406
86300.0,146494.69025974488,60194.69025974488
126000.0,181629.8261264084,55629.826126408414
429000.0,248772.06985867952,180227.93014132048
214100.0,240928.887882519,26828.88788251899
161900.0,238974.0220298805,77074.02202988049
500001.0,420312.71960288973,79688.28039711027
217600.0,261654.86529178813,44054.865291788126
125000.0,211222.16079832174,86222.16079832174
485000.0,379378.7560450605,105621.24395493948
175500.0,224375.8051964769,48875.8051964769
68300.0,69416.1007381609,1116.1007381608943
350500.0,352580.4156019412,2080.415601941175
156500.0,196312.66676557437,39812.666765574366
220600.0,241535.18622625893,20935.186226258927
364500.0,324118.1723111522,40381.827688847785
500001.0,317199.8668215539,182801.1331784461
159000.0,255303.07770472777,96303.07770472777
183400.0,242446.60737973152,59046.60737973152
229700.0,278064.024560759,48364.02456075902
142100.0,223861.8205494521,81761.8205494521
328800.0,357152.13705233997,28352.137052339967
76200.0,98217.63896602603,22017.638966026032
114500.0,153530.18224662973,39030.18224662973
162000.0,229551.02875658358,67551.02875658358
209700.0,233899.76651996738,24199.76651996738
167900.0,190593.06279972216,22693.06279972216
113200.0,105357.40042207761,7842.599577922389
195800.0,186157.71436797135,9642.285632028652
230600.0,275211.84713221155,44611.84713221155
87900.0,117096.89638951245,29196.896389512447
270600.0,166786.51774798232,103813.48225201768
195200.0,186650.1857209012,8549.814279098791
50800.0,85621.19993775316,34821.19993775316
163100.0,195518.1743651109,32418.1743651109
141300.0,191597.44070601044,50297.44070601044
96600.0,125911.62481265886,29311.62481265886
158200.0,167183.35750136856,8983.357501368562
266700.0,247111.93195265776,19588.06804734224
262500.0,231398.79331837414,31101.20668162586
129800.0,191122.4108747669,61322.41087476691
117000.0,123673.23798019585,6673.237980195845
73500.0,81596.85702688278,8096.857026882775
235500.0,196572.73195381768,38927.26804618232
236500.0,271664.45601514605,35164.45601514605
500001.0,334708.5995328535,165292.40046714648
310500.0,250903.76783683785,59596.232163162145
81300.0,142825.35561954594,61525.35561954594
320400.0,338076.9875050904,17676.987505090423
65600.0,80680.38040614499,15080.380406144992
234100.0,288373.43896796566,54273.43896796566
431400.0,229021.5656178153,202378.4343821847
146400.0,219133.19358427514,72733.19358427514
336400.0,382760.8757429809,46360.87574298092
106800.0,143122.51730929958,36322.51730929958
350000.0,79838.41517374542,270161.5848262546
111400.0,168782.2842633678,57382.284263367794
268800.0,218660.02276553615,50139.97723446385
333900.0,287695.15678129735,46204.84321870265
180100.0,305553.9289985751,125453.92899857508
74100.0,137466.54717121334,63366.547171213344
55000.0,79353.58915392871,24353.58915392871
94500.0,109924.98526122897,15424.985261228969
55000.0,158241.43073460212,103241.43073460212
196900.0,260339.35489175963,63439.354891759634
258400.0,211482.4461707242,46917.5538292758
163100.0,143919.80178428127,19180.19821571873
99400.0,184433.56677163302,85033.56677163302
348300.0,340012.17884101195,8287.821158988052
112500.0,73859.80738072211,38640.19261927789
197400.0,200011.06735725154,2611.067357251537
70200.0,146834.1233119596,76634.12331195961
260100.0,234591.39271796006,25508.607282039942
220600.0,271663.9587110646,51063.958711064595
459600.0,328775.32662372215,130824.67337627785
139100.0,252906.4505622739,113806.45056227391
500000.0,245253.4482655173,254746.5517344827
243600.0,264297.1069395942,20697.106939594203
75600.0,94641.81593831487,19041.815938314874
229600.0,220784.82970885123,8815.170291148766
325000.0,289532.323890206,35467.676109794
418400.0,207524.6926946456,210875.3073053544
210700.0,157777.8918474901,52922.1081525099
209500.0,262827.0283602443,53327.028360244294
150500.0,149131.45061224885,1368.5493877511472
441400.0,382821.2278674841,58578.77213251591
256800.0,225522.88906401148,31277.110935988516
184200.0,234277.27044474715,50077.27044474715
137500.0,137274.29909726314,225.7009027368622
104800.0,145967.3371779021,41167.33717790211
357400.0,348759.93085479597,8640.069145204034
165500.0,222752.5590511603,57252.55905116029
331900.0,294710.2834091488,37189.716590851196
262300.0,310717.0628607605,48417.06286076049
330400.0,356078.14414952695,25678.144149526954
325000.0,210237.72341019096,114762.27658980904
177200.0,256949.29443085112,79749.29443085112
192100.0,161405.71146938298,30694.28853061702
210200.0,217120.10635216656,6920.106352166564
212800.0,245703.188110728,32903.18811072799
500001.0,469690.13887308224,30310.861126917764
190500.0,185400.354426504,5099.645573496004
240600.0,272032.17258518346,31432.172585183464
73100.0,104513.35164472992,31413.35164472992
331200.0,314600.4194165408,16599.580583459174
246000.0,279449.9059687123,33449.90596871229
70400.0,96648.52987624209,26248.529876242086
90000.0,67701.88341919403,22298.116580805974
121400.0,130374.54004063694,8974.540040636944
179400.0,140725.87613825663,38674.12386174337
165100.0,193147.55334756066,28047.553347560664
258300.0,65381.164827367495,192918.8351726325
251400.0,289853.61293023085,38453.612930230855
115300.0,77892.8338991969,37407.16610080309
232000.0,246350.24841291137,14350.248412911373
259800.0,297053.88809610304,37253.88809610304
251000.0,215941.8511339107,35058.148866089294
272000.0,270001.86472601636,1998.1352739836439
140400.0,262458.46873393987,122058.46873393987
104000.0,131890.67766727874,27890.67766727874
87500.0,52388.82939383917,35111.17060616083
222800.0,279803.44517030206,57003.44517030206
445000.0,183348.45721792066,261651.54278207934
192500.0,198814.00907754202,6314.009077542025
243200.0,221506.3904674887,21693.6095325113
442900.0,259278.94155649786,183621.05844350214
336900.0,288090.91543857666,48809.08456142334
82000.0,148190.7268391883,66190.72683918831
254400.0,361234.57812452025,106834.57812452025
361300.0,341107.8237517901,20192.1762482099
146600.0,158849.71902062255,12249.71902062255
83100.0,159383.91070485226,76283.91070485226
435800.0,388287.2631059667,47512.736894033325
96700.0,169521.8789677095,72821.87896770949
281900.0,251190.5324587881,30709.467541211896
109100.0,188960.60785542015,79860.60785542015
135000.0,145909.4889976672,10909.488997667213
114000.0,164443.76083042385,50443.76083042385
140300.0,207199.50142110267,66899.50142110267
318100.0,330067.06036646396,11967.060366463964
279500.0,180000.36153548016,99499.63846451984
312700.0,268759.7142095141,43940.28579048591
88700.0,101736.87572566749,13036.875725667487
106300.0,148448.52388009586,42148.52388009586
59100.0,110209.8901294586,51109.890129458596
100000.0,152111.07900154154,52111.07900154154
346900.0,289538.19687534176,57361.80312465824
137900.0,145537.71104594175,7637.711045941745
80600.0,116258.37694551791,35658.37694551791
500001.0,315497.34142173687,184503.65857826313
486800.0,201809.16723419479,284990.8327658052
372600.0,287599.15603075986,85000.84396924014
90300.0,109423.85036965074,19123.85036965074
203800.0,176912.78036573777,26887.219634262234
185600.0,235132.5934157529,49532.5934157529
107900.0,128657.26472024496,20757.26472024496
222800.0,230697.38620913983,7897.386209139833
146800.0,246107.76340169745,99307.76340169745
383200.0,334110.50096812233,49089.49903187767
185400.0,206279.23519575005,20879.23519575005
189100.0,259030.05053559234,69930.05053559234
71100.0,101287.95614309153,30187.956143091535
500001.0,279649.8093672787,220351.1906327213
181300.0,242286.1648374321,60986.164837432094
166700.0,154857.40936379076,11842.590636209236
99500.0,120645.60767476696,21145.607674766958
132800.0,188991.014574697,56191.01457469701
173300.0,223476.85139577612,50176.85139577612
162700.0,187348.77324667602,24648.77324667602
450400.0,320347.8161963388,130052.1838036612
191100.0,134257.18469663378,56842.815303366224
464600.0,299508.2997121955,165091.70028780447
152600.0,200444.93322838034,47844.93322838034
500001.0,385856.08499501983,114144.91500498017
87000.0,136923.90029131057,49923.900291310565
135600.0,150236.826858952,14636.826858952001
217700.0,229555.93952132802,11855.939521328022
154500.0,181698.31749264547,27198.317492645467
198400.0,150730.89582868398,47669.10417131602
184100.0,176482.04916665025,7617.950833349751
179200.0,249490.62367946582,70290.62367946582
188000.0,212994.3585176234,24994.35851762339
153900.0,198121.15307750896,44221.15307750896
244600.0,267165.4494980445,22565.4494980445
52900.0,61682.19496695555,8782.194966955547
99200.0,129252.30990339222,30052.30990339222
171400.0,177305.53250790614,5905.532507906144
90300.0,107748.16709633743,17448.167096337434
156000.0,206154.63470434307,50154.63470434307
335600.0,317694.137734094,17905.862265906006
145900.0,145360.10757203374,539.8924279662606
156600.0,162710.0169954404,6110.016995440412
187500.0,110593.80361579022,76906.19638420978
109400.0,128194.39334105997,18794.39334105997
223300.0,283692.12646049814,60392.12646049814
243600.0,277499.81665301777,33899.81665301777
190300.0,175252.35921521432,15047.640784785675
219600.0,255600.73396220966,36000.73396220966
84400.0,131032.71106240845,46632.711062408445
166300.0,113553.45832003868,52746.541679961316
188500.0,146246.84023909582,42253.15976090418
132700.0,170382.03071082046,37682.03071082046
193800.0,208953.87036279312,15153.870362793125
479000.0,283572.86552426725,195427.13447573275
89300.0,92438.99359751937,3138.9935975193657
173200.0,220029.93381231112,46829.93381231112
68800.0,77570.80602047892,8770.806020478922
285400.0,342770.7907100795,57370.790710079484
376700.0,293372.96726697835,83327.03273302165
64700.0,71200.580079982,6500.580079981999
193200.0,233450.2448226348,40250.24482263479
108300.0,101033.1843161426,7266.815683857407
141300.0,141380.2304784127,80.23047841270454
500001.0,360261.26581403345,139739.73418596655
200000.0,220801.00830027234,20801.00830027234
229500.0,251779.6488402057,22279.648840205686
174300.0,206449.78649531337,32149.78649531337
423700.0,332922.9861510956,90777.0138489044
500001.0,349473.3928268726,150527.6071731274
288100.0,350301.2022633486,62201.20226334862
183900.0,261289.97425096208,77389.97425096208
500001.0,315160.8763896588,184840.12361034122
154300.0,196859.2748325081,42559.27483250809
317100.0,235107.07821079344,81992.92178920656
164800.0,140647.5817806165,24152.418219383486
188200.0,120119.76281481351,68080.23718518649
209000.0,254811.76482155322,45811.764821553224
96100.0,163782.8295331344,67682.82953313441
144800.0,136376.13577653986,8423.864223460143
496000.0,321800.0729856193,174199.9270143807
70400.0,78223.21425945782,7823.214259457818
89500.0,96316.12247554144,6816.122475541444
115200.0,110026.52263442845,5173.477365571554
158500.0,228530.5548307886,70030.5548307886
132700.0,179537.78267510538,46837.78267510538
125000.0,157482.61213643063,32482.61213643063
172500.0,199464.83682195924,26964.836821959238
172700.0,219511.29185525293,46811.29185525293
367900.0,333652.3701985289,34247.62980147108
143300.0,191974.44598438553,48674.44598438553
289700.0,259234.07726533653,30465.922734663473
156300.0,249455.01407618463,93155.01407618463
418300.0,377945.6790324139,40354.32096758613
113200.0,122865.48057606358,9665.480576063579
194300.0,241532.1429269578,47232.14292695781
257000.0,305423.35793940094,48423.35793940094
374400.0,408244.1249885637,33844.12498856371
103100.0,170642.0985162469,67542.09851624689
271300.0,257276.7255558077,14023.274444192299
186300.0,149630.56512205634,36669.434877943655
256600.0,288688.1416898954,32088.14168989542
333300.0,164055.15891480717,169244.84108519283
135200.0,170349.44638095345,35149.44638095345
172600.0,205972.080446561,33372.08044656101
279200.0,284070.1560527034,4870.156052703387
150000.0,161079.98176898007,11079.98176898007
214800.0,221715.5649239787,6915.564923978702
67000.0,115120.97078194607,48120.970781946075
147500.0,127078.73293748789,20421.26706251211
105400.0,151951.38580987664,46551.385809876636
264200.0,252543.18492530083,11656.815074699174
97500.0,106729.29443752748,9229.294437527482
146900.0,171218.31844506576,24318.318445065757
261100.0,268948.76540605666,7848.7654060566565
170400.0,213446.90978479933,43046.909784799325
308700.0,299606.66795405315,9093.332045946852
140900.0,221967.92518269955,81067.92518269955
249600.0,237038.40722628095,12561.59277371905
267000.0,224024.58484535103,42975.415154648974
137400.0,195966.84188587934,58566.841885879345
112300.0,129128.86785070844,16828.86785070844
494000.0,340783.2678774238,153216.7321225762
500001.0,271817.86562103406,228183.13437896594
25000.0,-8153.616816979484,33153.616816979484
213000.0,180087.7063498813,32912.29365011869
500001.0,332842.24563808274,167158.75436191726
159400.0,149336.50538118219,10063.494618817815
90300.0,176980.231495713,86680.231495713
94300.0,95691.9267850828,1391.9267850828037
128100.0,142436.8166462037,14336.81664620369
114100.0,156352.42581830308,42252.425818303076
102200.0,170335.72816785148,68135.72816785148
125000.0,142742.91518491498,17742.91518491498
261800.0,274224.72320875374,12424.723208753741
222500.0,194684.42182188976,27815.57817811024
136700.0,173920.8993506565,37220.89935065649
275200.0,316430.3211977992,41230.321197799174
184600.0,226427.23986455053,41827.23986455053
165600.0,226020.63186707563,60420.63186707563
219400.0,201338.80209297573,18061.197907024267
100700.0,109942.69833503192,9242.69833503192
79200.0,84707.52536494676,5507.525364946763
218700.0,199211.5424051987,19488.457594801293
384800.0,263506.2449120315,121293.75508796849
165100.0,201143.87909925205,36043.87909925205
112500.0,82398.31323028666,30101.686769713342
192000.0,175332.25624579168,16667.74375420832
142700.0,135021.00191000826,7678.998089991743
127600.0,170228.62527293264,42628.62527293264
47700.0,85205.79373759197,37505.79373759197
153300.0,59403.562657840346,93896.43734215965
203100.0,215718.71482868126,12618.714828681259
59200.0,67468.60578807801,8268.605788078014
255600.0,284528.23379623826,28928.23379623826
175900.0,204714.79985298958,28814.799852989585
450000.0,252460.87815728638,197539.12184271362
462800.0,442490.9946566068,20309.00534339319
92800.0,87311.37567200101,5488.624327998987
290200.0,324070.5033746147,33870.503374614695
116100.0,118881.68179540367,2781.681795403667
73200.0,126275.1030197607,53075.1030197607
91600.0,131672.6161984383,40072.61619843831
325000.0,204554.17816265815,120445.82183734185
50800.0,65684.21626771704,14884.216267717042
94200.0,123692.13232401155,29492.132324011545
105800.0,84526.88712469873,21273.112875301274
104300.0,209204.25187129676,104904.25187129676
62100.0,202429.88152083397,140329.88152083397
163900.0,188247.96286754968,24347.96286754968
397500.0,332034.8315012401,65465.168498759915
133000.0,125696.09176207974,7303.908237920259
147900.0,160927.23249721542,13027.232497215417
271700.0,292299.94479890785,20599.944798907847
167500.0,198777.0336989757,31277.03369897569
165900.0,124715.10016806393,41184.89983193607
225000.0,102021.71183164326,122978.28816835674
400000.0,273232.9147962629,126767.08520373708
125000.0,70452.15120630339,54547.84879369661
175700.0,129051.11560579459,46648.88439420541
176300.0,154148.23519232284,22151.76480767716
395500.0,268779.8349204663,126720.1650795337
195800.0,245305.7038914528,49505.70389145281
283300.0,101589.6635102072,181710.3364897928
170700.0,228353.3461525059,57653.346152505896
500000.0,204935.4811797546,295064.5188202454
244100.0,234714.05757483287,9385.94242516713
500001.0,324477.4209138673,175523.5790861327
122400.0,148306.80420842074,25906.80420842074
132000.0,115462.51400755161,16537.48599244839
83300.0,113688.12394605839,30388.12394605839
87700.0,131846.6344400872,44146.63444008719
200000.0,222578.48085954468,22578.48085954468
106400.0,172540.18717788014,66140.18717788014
252300.0,328879.1247602969,76579.1247602969
191800.0,219250.95554869703,27450.955548697035
95800.0,75807.01327270542,19992.986727294585
61600.0,57747.154023359006,3852.845976640994
238700.0,300151.22742598125,61451.227425981255
173300.0,174120.1157585717,820.1157585716865
193200.0,233780.9998496948,40580.99984969481
211300.0,275165.26143611374,63865.26143611374
132000.0,137418.7289820555,5418.728982055502
258200.0,306860.44983765646,48660.44983765646
350000.0,171004.48885290095,178995.51114709905
500001.0,330782.12605532503,169218.87394467497
167000.0,213042.09703849987,46042.097038499865
80500.0,182674.47207991243,102174.47207991243
275100.0,344236.3356813068,69136.33568130678
376800.0,245574.1692136216,131225.8307863784
500001.0,558392.0383714744,58391.038371474366
111400.0,194149.8873446299,82749.88734462991
191700.0,194803.7966337396,3103.7966337396065
287500.0,152533.58418131457,134966.41581868543
500001.0,229014.1270006075,270986.8729993925
325000.0,226498.41937219404,98501.58062780596
345700.0,297281.0732799708,48418.92672002921
295200.0,258074.00172117612,37125.998278823885
205200.0,198744.76382683427,6455.236173165729
400000.0,263749.0875489266,136250.9124510734
118300.0,106436.97857872568,11863.021421274316
53100.0,70312.06716087891,17212.067160878913
52000.0,51559.90513198651,440.09486801348976
175700.0,237289.1212474924,61589.12124749241
178400.0,166996.98671510007,11403.013284899935
156800.0,129640.52397518615,27159.47602481385
175000.0,181188.21347687475,6188.213476874749
500001.0,254419.1099475414,245581.8900524586
114100.0,137300.55393381274,23200.553933812742
343600.0,325940.6587107262,17659.341289273812
54300.0,39902.118891458,14397.881108542002
500001.0,235553.2153105422,264447.7846894578
252100.0,214627.5755869497,37472.42441305029
240700.0,284485.649417755,43785.64941775502
268700.0,296659.0865451057,27959.086545105674
80100.0,61819.3115280449,18280.6884719551
214600.0,269393.45567542216,54793.455675422156
145800.0,178577.27925213327,32777.279252133274
160900.0,229137.41222173677,68237.41222173677
165000.0,228376.35916538484,63376.35916538484
259200.0,209969.87483577165,49230.125164228346
143000.0,198309.59969885886,55309.59969885886
500001.0,406355.37843096134,93645.62156903866
205800.0,183400.2986148078,22399.701385192195
113700.0,125284.87074831188,11584.870748311878
71500.0,76386.91462643314,4886.914626433136
123400.0,192154.9087683244,68754.90876832441
249500.0,281777.2683107113,32277.26831071131
500001.0,309114.44239701034,190886.55760298966
192400.0,176708.83326697626,15691.16673302374
189900.0,202223.8532747522,12323.853274752211
124000.0,76634.66269758908,47365.33730241092
334100.0,245099.66771040414,89000.33228959586
164200.0,83259.3540644927,80940.6459355073
70700.0,110385.34578303322,39685.34578303322
131000.0,213470.4960501314,82470.49605013139
96600.0,236916.726371385,140316.726371385
315600.0,301563.71487429464,14036.285125705355
227100.0,219015.17235586134,8084.827644138655
211800.0,221165.10248257333,9365.102482573333
324700.0,300912.0271385028,23787.972861497197
106300.0,191746.21953475784,85446.21953475784
103400.0,197472.9049977161,94072.9049977161
99200.0,179530.2794908586,80330.27949085861
181800.0,161335.35315294535,20464.646847054653
217600.0,205437.85982430357,12162.140175696433
187500.0,236286.47274578398,48786.472745783976
96800.0,109163.08884067922,12363.088840679222
102300.0,150625.90300732342,48325.90300732342
290100.0,288180.5587568316,1919.441243168374
190400.0,211222.96178645646,20822.961786456464
206300.0,213802.78337773946,7502.783377739455
243800.0,210638.9732446917,33161.026755308296
143200.0,104588.66747250783,38611.332527492166
500001.0,375911.27582047594,124089.72417952406
371300.0,389295.56118435867,17995.561184358667
169000.0,227557.5285952447,58557.52859524469
236500.0,302959.79121360386,66459.79121360386
173800.0,103600.82088923291,70199.17911076709
57700.0,85741.1658650124,28041.1658650124
69200.0,111315.7451720769,42115.7451720769
169300.0,52121.71478073954,117178.28521926046
184500.0,221030.86638873303,36530.86638873303
400000.0,295354.717173032,104645.282826968
239500.0,227222.6440383424,12277.355961657595
249300.0,364941.39906159986,115641.39906159986
211800.0,202263.58689690166,9536.41310309834
88100.0,92486.03765106527,4386.037651065271
500001.0,315796.742118509,184204.25788149098
203300.0,269729.043010854,66429.04301085399
320000.0,288441.92113787984,31558.078862120165
86200.0,172985.3002189672,86785.3002189672
106300.0,205072.10707185997,98772.10707185997
389700.0,347114.3757310497,42585.62426895031
95300.0,80162.00357200995,15137.996427990045
112500.0,162065.17778512355,49565.17778512355
268200.0,213433.8612823273,54766.1387176727
500001.0,432103.4456538388,67897.5543461612
214700.0,231201.1668875349,16501.1668875349
132300.0,85127.22306613719,47172.77693386281
293800.0,261470.92153777974,32329.078462220263
275900.0,288691.4828321529,12791.48283215292
141700.0,166918.83484642053,25218.834846420534
131900.0,159033.65518781185,27133.655187811848
137500.0,158182.37518559987,20682.37518559987
80700.0,104155.92249794227,23455.922497942272
254500.0,267724.7501157585,13224.750115758507
55500.0,147687.36481037876,92187.36481037876
133800.0,154139.97136583147,20339.971365831472
100600.0,133394.18023549236,32794.18023549236
79000.0,149865.75204882328,70865.75204882328
139000.0,201120.45047473337,62120.45047473337
247800.0,241366.20174153423,6433.798258465773
170800.0,148904.11382029366,21895.886179706344
55100.0,12998.709419901046,42101.290580098954
402200.0,265962.734659313,136237.265340687
190200.0,266824.79528290924,76624.79528290924
242700.0,233534.9957926615,9165.004207338498
266400.0,322912.7127836286,56512.71278362861
144300.0,180185.86708405835,35885.86708405835
188500.0,229580.32345485443,41080.32345485443
113100.0,86609.68622207914,26490.313777920863
306000.0,228698.4060129854,77301.59398701461
162500.0,154218.4208967717,8281.579103228287
135000.0,72529.36275573322,62470.63724426678
209600.0,236809.49174366106,27209.491743661056
178900.0,212117.9847802523,33217.9847802523
130300.0,119310.11233982924,10989.88766017076
148100.0,185405.966397516,37305.96639751599
285400.0,242070.17206270777,43329.827937292226
361700.0,288582.73542774573,73117.26457225427
69100.0,10380.335904681968,58719.66409531803
81600.0,93428.91541735509,11828.915417355092
89600.0,121569.73539851194,31969.73539851194
426900.0,332732.40778628126,94167.59221371874
55700.0,135246.63024216495,79546.63024216495
66800.0,103549.08719096963,36749.08719096963
49800.0,37453.47951397204,12346.520486027963
296400.0,248327.25248045623,48072.74751954377
92000.0,101661.03807126569,9661.038071265692
171500.0,220742.39006251816,49242.390062518156
99200.0,117113.0174807305,17913.0174807305
434000.0,292117.3251584261,141882.67484157393
200000.0,64065.18182272633,135934.81817727367
367800.0,338199.2433913585,29600.756608641474
137500.0,74144.92037263088,63355.07962736912
217500.0,178219.10151522054,39280.89848477946
53600.0,56448.93823083598,2848.938230835978
240200.0,282709.63199984614,42509.63199984614
235300.0,169570.08801995346,65729.91198004654
267400.0,331507.82797927037,64107.82797927037
83200.0,118002.79714879613,34802.79714879613
89800.0,109192.38308324905,19392.38308324905
103100.0,152078.8694181497,48978.8694181497
443000.0,295872.8622796027,147127.13772039732
500001.0,482591.0602790741,17409.939720925875
318800.0,271799.6944711807,47000.30552881933
137500.0,162161.3727913713,24661.37279137131
417000.0,324106.23036531394,92893.76963468606
166300.0,189810.917659304,23510.91765930399
226600.0,205652.6642378673,20947.335762132687
173000.0,199958.2648454458,26958.26484544581
214400.0,233510.03441174002,19110.034411740024
188000.0,261248.89127441938,73248.89127441938
248400.0,304844.6937811204,56444.69378112041
162500.0,252226.80166506395,89726.80166506395
158000.0,258586.01079564213,100586.01079564213
112500.0,76582.13642631662,35917.86357368338
500000.0,284997.06576801534,215002.93423198466
125000.0,122581.84762385664,2418.1523761433637
125000.0,153900.46663562892,28900.466635628924
187500.0,206587.49221355192,19087.492213551915
153800.0,162281.304932489,8481.304932489002
66000.0,110432.51216370647,44432.51216370647
157300.0,146967.70554505143,10332.29445494857
384600.0,293488.0135949126,91111.9864050874
183900.0,150969.84056339622,32930.159436603775
153200.0,193622.06732101747,40422.06732101747
350000.0,136188.38444857806,213811.61555142194
379100.0,334891.52726846375,44208.472731536254
227600.0,246880.96281010273,19280.962810102734
256000.0,244195.9300638741,11804.069936125888
189600.0,217897.9057183822,28297.905718382186
157800.0,142073.96330587936,15726.036694120645
141000.0,107870.73852332907,33129.26147667093
174000.0,185845.16353402514,11845.163534025138
153100.0,158850.6751609173,5750.675160917308
235000.0,253050.57545837128,18050.575458371284
169500.0,171481.5169950882,1981.5169950881973
144800.0,169804.91481383773,25004.914813837735
59900.0,86102.0926684304,26202.0926684304
168800.0,165455.04222683964,3344.957773160364
76600.0,116506.94854915318,39906.94854915318
195100.0,208785.70866505976,13685.708665059763
354700.0,400287.2400555792,45587.24005557923
500001.0,268380.7423319708,231620.25766802923
343300.0,331152.7970797338,12147.202920266194
212500.0,10130.38144955205,202369.61855044795
290000.0,285093.59583321813,4906.404166781867
169700.0,205493.28231229025,35793.28231229025
222100.0,152948.27680377086,69151.72319622914
125000.0,178730.58059221008,53730.580592210084
143800.0,152004.86676042777,8204.866760427773
80000.0,64340.78196768806,15659.21803231194
118100.0,173580.59429058427,55480.59429058427
159700.0,228230.5956751521,68530.59567515209
197600.0,280607.046286538,83007.04628653801
95900.0,124440.20393347566,28540.203933475656
205100.0,224419.70475062425,19319.704750624252
500001.0,340929.8531940195,159071.14680598048
74100.0,56878.09617920962,17221.90382079038
91700.0,119074.66557680363,27374.66557680363
500001.0,377652.6351007385,122348.3648992615
235400.0,273385.53864218167,37985.538642181666
500001.0,482411.2165291408,17589.783470859227
161300.0,221278.51058690026,59978.51058690026
148300.0,108485.59852517462,39814.40147482538
272600.0,287938.9386149094,15338.93861490942
252300.0,247447.17957561972,4852.820424380276
107200.0,48004.327732016565,59195.672267983435
334700.0,275541.62861655926,59158.37138344074
206200.0,255492.25757030898,49292.25757030898
286500.0,296365.6748611666,9865.674861166626
59500.0,81068.08690045732,21568.086900457318
114800.0,115133.86160212554,333.86160212554387
77500.0,91779.86906794911,14279.869067949112
151300.0,239994.71612725465,88694.71612725465
106300.0,224263.32252393337,117963.32252393337
146700.0,247138.32041785814,100438.32041785814
294300.0,310748.1499284077,16448.149928407685
116100.0,224237.10871075635,108137.10871075635
167300.0,165651.60121043544,1648.398789564555
243500.0,312107.1883326313,68607.18833263131
483300.0,380206.4950391558,103093.50496084418
153900.0,167218.53450613283,13318.534506132826
93800.0,251835.46833042783,158035.46833042783
133300.0,175591.20782529324,42291.20782529324
138900.0,107628.80367304107,31271.196326958932
153100.0,153863.37692544662,763.376925446617
241700.0,236368.77958550383,5331.220414496172
500001.0,460839.5241708343,39161.47582916572
143100.0,156152.45857155113,13052.458571551135
183800.0,326288.97372496,142488.97372496
296200.0,350725.69265809015,54525.69265809015
334000.0,288949.219477581,45050.78052241902
139700.0,135218.33437914136,4481.6656208586355
175300.0,229608.7879809966,54308.787980996596
181800.0,232034.7654527618,50234.765452761814
475000.0,181750.37474218447,293249.6252578155
147300.0,142038.21743552195,5261.782564478053
438500.0,398278.92542559025,40221.07457440975
209000.0,191884.95645386836,17115.043546131637
184600.0,212566.94600148557,27966.946001485572
233200.0,258206.7896018354,25006.789601835393
172200.0,185654.47674350356,13454.476743503561
500001.0,369827.24186479475,130173.75813520525
162700.0,212455.8194940261,49755.8194940261
92200.0,66110.98197085949,26089.018029140512
279300.0,209191.69897189375,70108.30102810625
373700.0,282889.2729197212,90810.7270802788
330000.0,311660.05188243877,18339.94811756123
136100.0,157501.17809838045,21401.17809838045
181400.0,214636.09835968912,33236.09835968912
396400.0,362752.6552644465,33647.34473555349
500001.0,441377.49994066416,58623.50005933584
272600.0,306729.4919723279,34129.49197232787
134700.0,239235.20967163873,104535.20967163873
72000.0,113592.97802393445,41592.978023934455
150400.0,153979.45752103196,3579.45752103196
213800.0,258421.04635147555,44621.046351475554
220200.0,289208.00276543543,69008.00276543543
162500.0,122649.06853500997,39850.93146499003
184300.0,175288.39944088692,9011.600559113082
474100.0,323380.88157479203,150719.11842520797
125900.0,132941.75518214155,7041.7551821415545
95300.0,90634.48956774162,4665.510432258379
247300.0,253044.59024389728,5744.590243897284
271900.0,252452.12252756566,19447.87747243434
88500.0,124668.81584575881,36168.815845758814
114800.0,220064.39002424467,105264.39002424467
59700.0,75758.97638509815,16058.976385098154
152200.0,157571.0949263841,5371.094926384103
109900.0,143415.08970032673,33515.08970032673
69900.0,185456.28996019182,115556.28996019182
156800.0,167877.9799490445,11077.9799490445
160300.0,241729.90733642067,81429.90733642067
122500.0,100176.9028812511,22323.097118748905
171100.0,201910.78464128933,30810.784641289327
82800.0,173295.41060641035,90495.41060641035
148200.0,163315.26809432812,15115.268094328116
156300.0,134205.6372145143,22094.36278548569
356100.0,306628.6466024557,49471.3533975443
290500.0,299491.34462067,8991.344620670017
116600.0,111247.04966701313,5352.950332986875
114600.0,117126.65147009918,2526.651470099183
141400.0,186515.1432841572,45115.14328415721
131900.0,145002.00123822308,13102.001238223078
93800.0,124313.94574829312,30513.945748293118
272900.0,279186.58343740145,6286.583437401452
211100.0,244474.57336653912,33374.573366539116
162400.0,247106.35035507756,84706.35035507756
54100.0,71922.08490580288,17822.084905802883
105900.0,128334.79335348471,22434.79335348471
274500.0,319947.45268624043,45447.45268624043
181900.0,115987.5361083836,65912.4638916164
119000.0,161271.88581797882,42271.88581797882
173300.0,246004.662398941,72704.662398941
463600.0,283135.83148875384,180464.16851124616
54200.0,92300.03708344084,38100.03708344084
207900.0,155128.05247000855,52771.94752999145
139100.0,79151.21495510724,59948.785044892764
102800.0,107959.99010801871,5159.990108018712
96100.0,81856.74980278972,14243.250197210276
147500.0,202187.08218434072,54687.08218434072
165900.0,214822.8635561246,48922.86355612459
500001.0,558321.8449864148,58320.84498641477
79400.0,138818.72292036514,59418.72292036514
261600.0,248172.27299296873,13427.727007031266
128000.0,143368.23748534583,15368.237485345831
254800.0,285782.0976336169,30982.097633616882
104200.0,151578.39643518158,47378.39643518158
351000.0,265114.98311155365,85885.01688844635
187400.0,199573.30316518588,12173.303165185876
93800.0,135403.92574268012,41603.92574268012
255400.0,157725.46954315403,97674.53045684597
476300.0,306781.0339288109,169518.9660711891
134100.0,212965.66096724963,78865.66096724963
283300.0,220016.01559256943,63283.98440743057
266700.0,231898.4643611993,34801.535638800706
113800.0,197808.31960178135,84008.31960178135
84700.0,159154.50840991104,74454.50840991104
284500.0,277957.7710691321,6542.228930867917
142000.0,300528.8085290584,158528.8085290584
56700.0,102167.6516373606,45467.6516373606
142300.0,183409.38357096506,41109.38357096506
83100.0,99931.53421349335,16831.534213493345
54600.0,106730.6449745699,52130.64497456991
500001.0,367511.7973402222,132489.20265977777
500001.0,291859.07272254076,208141.92727745924
152400.0,256057.60406925998,103657.60406925998
257500.0,265071.7816748344,7571.781674834376
316700.0,412084.29217446066,95384.29217446066
171000.0,241475.70220167283,70475.70220167283
87900.0,127556.24770341637,39656.247703416375
228900.0,197954.5003165263,30945.499683473696
96400.0,198511.55821475477,102111.55821475477
159700.0,195007.98757529224,35307.98757529224
269800.0,255104.4893809578,14695.510619042208
242000.0,274154.93473558436,32154.934735584364
72800.0,80864.82117638543,8064.821176385434
170500.0,142999.88717269202,27500.11282730798
137500.0,151346.98389029986,13846.98389029986
180300.0,252877.8505863528,72577.85058635281
112500.0,162035.42425199176,49535.42425199176
45600.0,42305.265468921716,3294.734531078284
107900.0,149578.10936965648,41678.10936965648
201300.0,197368.3229525315,3931.677047468489
485300.0,359639.4626266883,125660.5373733117
161100.0,220672.10227732372,59572.10227732372
98800.0,172934.76806294365,74134.76806294365
222000.0,240831.90239388766,18831.902393887663
237500.0,173060.66643327568,64439.33356672432
71900.0,59014.99740035925,12885.00259964075
240200.0,294965.17329289165,54765.173292891646
334100.0,271437.5122967891,62662.48770321091
278200.0,268898.9007060357,9301.099293964275
186000.0,120367.31892371339,65632.68107628661
500001.0,493235.83627289924,6765.163727100764
279200.0,273986.702860517,5213.29713948298
55600.0,103964.49271344267,48364.49271344267
172800.0,122611.34691410983,50188.65308589017
500001.0,423280.40389780066,76720.59610219934
59600.0,76502.57579176113,16902.575791761134
266400.0,243292.36040285358,23107.639597146423
194800.0,191226.22227729709,3573.7777227029146
60200.0,120388.92353204078,60188.923532040775
81300.0,253443.19266862143,172143.19266862143
212600.0,242796.95901338285,30196.959013382846
46900.0,52898.836862005934,5998.836862005934
271300.0,237211.10883496524,34088.89116503476
65500.0,90924.8626478059,25424.8626478059
181500.0,186770.50642428396,5270.506424283958
365900.0,332860.0903133862,33039.90968661383
96100.0,206114.55266421085,110014.55266421085
92600.0,157633.4431399762,65033.44313997621
500000.0,320395.5905811436,179604.40941885638
152400.0,203354.20149248483,50954.20149248483
287800.0,297788.3870422445,9988.387042244489
500001.0,290078.1895716622,209922.81042833778
186600.0,180360.126208839,6239.873791160993
339300.0,261120.85311201867,78179.14688798133
205800.0,230095.3962248675,24295.396224867494
369200.0,259016.07707685407,110183.92292314593
184000.0,220973.22720252431,36973.227202524315
157200.0,158921.92441572697,1721.9244157269713
146300.0,217526.5929963774,71226.59299637741
182900.0,120594.61602375675,62305.38397624325
98900.0,167566.2342493225,68666.2342493225
210000.0,247048.501816031,37048.501816031
164100.0,110285.16618688877,53814.833813111225
271600.0,308603.509632054,37003.50963205402
69400.0,78181.49856098134,8781.498560981345
210400.0,229081.42631537907,18681.426315379067
61300.0,62362.08886743759,1062.0888674375892
142600.0,138308.26086550573,4291.7391344942735
106000.0,132503.26858474806,26503.26858474806
174200.0,281942.612473633,107742.61247363302
500001.0,387747.651895645,112253.34810435498
110700.0,206938.7853199001,96238.78531990011
92500.0,159061.54019153613,66561.54019153613
423900.0,396018.6499134925,27881.350086507504
121300.0,156212.15205600887,34912.15205600887
378800.0,326692.82249537134,52107.177504628664
343100.0,332460.38344089885,10639.616559101152
293800.0,237196.3700065156,56603.629993484414
271300.0,250215.42996986536,21084.570030134637
255100.0,257455.45082443842,2355.4508244384197
106300.0,174770.65845679012,68470.65845679012
67500.0,44864.79575262542,22635.204247374582
379300.0,324999.83467779885,54300.16532220115
142300.0,151799.6817280381,9499.681728038093
73800.0,209237.5538630869,135437.5538630869
170800.0,218706.8028680653,47906.80286806531
316700.0,245383.68366509693,71316.31633490307
185200.0,213756.1246921197,28556.124692119687
223300.0,219325.9678041594,3974.032195840613
118800.0,186511.23037663108,67711.23037663108
377000.0,329521.7590174182,47478.2409825818
195000.0,236106.0789328613,41106.0789328613
223800.0,254651.12067561588,30851.12067561588
150000.0,164448.11698840058,14448.11698840058
151500.0,90402.03402797053,61097.96597202947
95700.0,108602.70200601856,12902.70200601856
107000.0,99900.85808142474,7099.14191857526
252700.0,206443.24062507314,46256.759374926856
165000.0,104229.65815426338,60770.34184573662
142500.0,204666.6987922119,62166.698792211886
100600.0,142158.068298463,41558.06829846301
165700.0,251309.14098919003,85609.14098919003
419900.0,391160.0740764361,28739.92592356389
258800.0,262082.263066021,3282.263066020998
103100.0,112951.20540837133,9851.20540837133
91400.0,100508.72791968424,9108.727919684243
256100.0,291991.5233383361,35891.52333833609
500001.0,661188.428484487,161187.428484487
500001.0,603833.1074695358,103832.10746953578
150700.0,213158.74514427996,62458.745144279965
74300.0,68932.64050560331,5367.359494396689
60600.0,94102.75965058048,33502.75965058048
86400.0,194491.35514129055,108091.35514129055
223700.0,258191.75618803833,34491.75618803833
62100.0,94097.01247828882,31997.012478288816
86900.0,106395.57131631336,19495.571316313362
291500.0,350122.33676498657,58622.33676498657
500001.0,414633.29374298896,85367.70625701104
127300.0,145375.96608022932,18075.966080229322
500001.0,398971.52994990954,101029.47005009046
269900.0,224493.01205660563,45406.98794339437
123800.0,161285.44143354482,37485.441433544824
307000.0,285658.4099140763,21341.59008592367
252900.0,274606.3797423147,21706.37974231469
207900.0,188961.41762787272,18938.582372127275
350000.0,260651.5028555308,89348.4971444692
187900.0,221883.60812648275,33983.60812648275
46700.0,148676.35565272183,101976.35565272183
192400.0,231545.0026632917,39145.0026632917
225000.0,166809.451952297,58190.54804770299
218400.0,231419.18336327802,13019.183363278018
446700.0,365874.8847270431,80825.1152729569
182100.0,146722.73480407757,35377.26519592243
166800.0,186951.0810937435,20151.0810937435
160300.0,247509.3191346111,87209.31913461111
161300.0,241119.47922300338,79819.47922300338
192700.0,236895.24334098445,44195.24334098445
125000.0,111866.73800566347,13133.261994336528
500001.0,217624.0807116836,282376.9192883164
344400.0,196266.66417945936,148133.33582054064
245000.0,249818.02166165272,4818.021661652718
138500.0,110223.44284363544,28276.557156364564
251500.0,289953.2885667354,38453.2885667354
500001.0,417736.34242287395,82264.65757712605
94900.0,119533.06210420125,24633.06210420125
182900.0,231306.09181765444,48406.09181765444
168800.0,159587.56675296213,9212.433247037872
347700.0,209279.68557663282,138420.31442336718
500001.0,421985.5840908648,78015.41590913519
350000.0,280291.90794562513,69708.09205437487
75500.0,138880.59550792648,63380.59550792648
265600.0,311480.669242762,45880.66924276197
193800.0,189470.2424718709,4329.757528129092
218300.0,264272.8359359879,45972.83593598788
156900.0,178995.84347780998,22095.843477809976
241800.0,232458.06140795437,9341.938592045626
500001.0,556293.3762263476,56292.37622634764
375700.0,321153.00717706454,54546.992822935455
196800.0,305890.79602001293,109090.79602001293
335300.0,280377.3204621005,54922.6795378995
196800.0,214393.471466392,17593.471466391988
500001.0,403559.9112491997,96441.08875080029
230000.0,227429.3455772873,2570.654422712687
281900.0,390469.40785214,108569.40785214002
119400.0,101156.23253162224,18243.76746837776
100800.0,84807.99401932574,15992.005980674265
97900.0,116386.11547589935,18486.11547589935
200600.0,245052.9498217632,44452.949821763206
95500.0,168003.18132573762,72503.18132573762
97200.0,213751.66344900662,116551.66344900662
289200.0,308485.27878142975,19285.278781429748
305200.0,258443.80417643907,46756.195823560935
420200.0,378360.42601529724,41839.57398470276
352200.0,219069.4895017799,133130.5104982201
91700.0,89311.59524350583,2388.404756494172
167500.0,222673.0612713256,55173.0612713256
235200.0,196748.71304702587,38451.28695297413
312500.0,196412.01395083114,116087.98604916886
500001.0,302255.5094659208,197745.4905340792
62400.0,72801.80500869933,10401.805008699332
193800.0,262509.9012558708,68709.90125587082
193300.0,242535.95333966846,49235.95333966846
100800.0,126857.78537275757,26057.78537275757
335100.0,307880.9535227061,27219.046477293887
207200.0,199350.50359595293,7849.496404047066
270000.0,215039.59426850252,54960.40573149748
192500.0,145645.33441830182,46854.66558169818
308100.0,280280.7228554768,27819.27714452322
163500.0,195865.63893480238,32365.63893480238
229200.0,318328.2281388212,89128.2281388212
97800.0,117497.51893359247,19697.518933592466
222100.0,192130.9090309367,29969.090969063313
283500.0,280157.9477557796,3342.0522442203946
325000.0,270188.50061586953,54811.49938413047
